DISTRICT,DISTNAME,DPETALLC,ASIAN,AMERICAN INDIAN OR ALASKA NAT,NATIVE HAWAIIAN/OTHER PACIFIC,HISPANIC/LATINO,BLACK OR AFRICAN AMERICAN,TWO OR MORE RACES,Special Education,WHITE,Economic Disadvantage
1902,CAYUGA ISD,568,3,0,0,39,23,28,77,470,191
1903,ELKHART ISD,1244,11,1,2,119,67,32,144,1012,680
1904,FRANKSTON ISD,841,5,4,0,85,74,31,68,638,475
1906,NECHES ISD,383,3,0,0,44,32,8,42,296,163
1907,PALESTINE ISD,3385,27,6,0,1394,913,94,287,944,2508
1908,WESTWOOD ISD,1609,8,9,0,384,286,64,159,857,1010
1909,SLOCUM ISD,414,0,2,0,21,9,9,53,370,197
2901,ANDREWS ISD,3968,15,11,0,2674,43,71,257,1154,1575
3801,PINEYWOODS COMMUNITY ACADEMY,966,22,0,1,189,166,17,57,569,451
3902,HUDSON ISD,2778,22,19,0,666,183,47,211,1836,1486
3903,LUFKIN ISD,8243,140,16,8,3288,2365,156,865,2266,6017
3904,HUNTINGTON ISD,1699,1,8,1,110,37,44,149,1493,883
3905,DIBOLL ISD,1878,5,5,1,1021,215,24,210,606,1316
3906,ZAVALLA ISD,419,0,5,0,18,5,10,56,380,258
3907,CENTRAL ISD,1583,1,6,0,307,90,31,166,1147,856
4901,ARANSAS COUNTY ISD,3399,64,10,3,1393,54,81,329,1794,1845
5901,ARCHER CITY ISD,460,1,3,0,40,5,26,51,384,187
5902,HOLLIDAY ISD,945,1,5,0,74,2,17,71,841,226
5904,WINDTHORST ISD,439,0,3,0,119,0,0,35,313,148
6902,CLAUDE ISD,353,0,2,0,43,9,9,42,288,156
7901,CHARLOTTE ISD,496,0,0,0,444,0,0,60,49,335
7902,JOURDANTON ISD,1609,3,1,0,942,12,17,138,630,844
7904,LYTLE ISD,1672,0,6,3,1337,16,11,118,295,1225
7905,PLEASANTON ISD,3507,14,10,3,2461,14,28,287,978,1858
7906,POTEET ISD,1786,3,1,0,1518,7,7,150,248,1257
8901,BELLVILLE ISD,2208,8,6,0,651,203,44,185,1293,1020
8902,SEALY ISD,2839,14,2,2,1365,269,51,252,1129,1524
8903,BRAZOS ISD,795,4,0,0,386,70,20,62,311,457
9901,MULESHOE ISD,1467,8,1,0,1229,2,1,165,221,1230
10901,MEDINA ISD,287,0,0,0,55,12,6,35,212,171
10902,BANDERA ISD,2202,11,6,0,709,8,39,229,1424,1112
11901,BASTROP ISD,10253,51,30,0,6438,502,256,1076,2973,6674
11902,ELGIN ISD,4299,17,4,4,2635,558,90,369,984,3254
11904,SMITHVILLE ISD,1781,7,5,1,568,135,58,147,1004,1070
11905,MCDADE ISD,221,0,0,0,118,1,1,13,99,154
12901,SEYMOUR ISD,594,2,2,0,112,13,29,58,433,298
13801,ST MARY'S ACADEMY CHARTER SCHOOL,442,10,0,0,355,8,3,26,63,350
13901,BEEVILLE ISD,3373,10,3,3,2799,97,33,330,424,2553
13902,PAWNEE ISD,335,1,1,0,266,12,1,19,52,285
13903,PETTUS ISD,431,0,2,0,271,9,6,43,141,284
13905,SKIDMORE-TYNAN ISD,840,10,3,1,546,10,5,72,262,483
14801,RICHARD MILBURN ALTER HIGH SCHOOL,2020,6,6,2,1161,286,26,218,529,1258
14803,PRIORITY CHARTER SCHOOLS,1030,29,6,10,284,161,52,96,485,538
14804,ORENDA CHARTER SCHOOL,1381,42,1,1,267,81,52,120,933,168
14901,ACADEMY ISD,1410,14,9,2,313,56,31,88,982,565
14902,BARTLETT ISD,369,1,1,0,232,33,8,40,91,277
14903,BELTON ISD,10828,194,64,21,3464,714,411,1126,5955,4991
14905,HOLLAND ISD,677,0,0,0,199,16,8,56,452,318
14906,KILLEEN ISD,43204,1036,259,734,12485,14732,3197,4752,10757,24410
14907,ROGERS ISD,879,5,2,0,246,21,5,62,598,406
14908,SALADO ISD,1662,16,3,1,370,19,43,99,1206,417
14909,TEMPLE ISD,8599,154,34,17,3663,2373,275,773,2089,6518
14910,TROY ISD,1483,7,7,1,394,16,26,152,1030,717
15801,POR VIDA ACADEMY,322,0,0,0,290,5,0,39,25,247
15802,GEORGE GERVIN ACADEMY,1304,3,1,2,856,382,16,53,40,1301
15805,NEW FRONTIERS CHARTER SCHOOL,707,0,0,0,673,11,0,50,21,598
15806,SCHOOL OF EXCELLENCE IN EDUCATION,1095,3,0,3,744,301,16,83,27,973
15807,SOUTHWEST PREPARATORY SCHOOL,891,0,0,1,692,125,16,90,52,719
15808,JOHN H WOOD JR PUBLIC CHARTER DIST,799,11,2,0,365,96,28,202,293,520
15809,BEXAR COUNTY ACADEMY,444,0,0,0,413,14,0,58,15,391
15814,POSITIVE SOLUTIONS CHARTER SCHOOL,163,0,0,0,153,5,0,19,4,147
15815,RADIANCE ACADEMY OF LEARNING,501,46,2,0,375,36,5,26,36,359
15816,ACADEMY OF CAREERS AND TECHNOLOGIE,190,0,0,0,144,23,2,11,19,126
15819,SHEKINAH RADIANCE ACADEMY,486,2,0,1,151,150,21,40,156,368
15820,SAN ANTONIO SCHOOL FOR INQUIRY & C,515,0,1,1,431,19,5,58,58,508
15822,JUBILEE ACADEMIC CENTER,4598,68,9,0,3568,372,101,298,478,2928
15825,LIGHTHOUSE CHARTER SCHOOL,287,0,0,0,247,20,2,24,16,249
15826,KIPP SAN ANTONIO,2442,4,2,0,2317,61,4,192,48,2114
15827,SCHOOL OF SCIENCE AND TECHNOLOGY,863,37,0,0,477,96,51,62,197,503
15828,HARMONY SCIENCE ACAD (SAN ANTONIO),3509,52,3,3,2866,242,56,175,280,2537
15830,BROOKS ACADEMY OF SCIENCE AND ENGI,1785,14,1,1,1576,33,5,78,151,1147
15831,SCHOOL OF SCIENCE AND TECHNOLOGY D,1176,41,1,0,843,76,23,90,190,711
15833,HENRY FORD ACADEMY ALAMEDA SCHOOL,126,0,2,0,100,5,0,13,19,70
15834,BASIS TEXAS,1305,378,3,5,437,44,57,15,378,87
15835,GREAT HEARTS TEXAS,2009,253,0,2,640,62,96,66,954,293
15836,ELEANOR KOLITZ HEBREW LANGUAGE ACA,280,8,0,0,152,5,8,5,103,40
15837,CARPE DIEM SCHOOLS,244,0,0,0,190,11,2,40,39,150
15901,ALAMO HEIGHTS ISD,4808,158,19,0,1961,76,19,312,2577,985
15904,HARLANDALE ISD,15080,15,0,0,14733,45,15,1342,271,13014
15905,EDGEWOOD ISD,11279,11,0,0,11042,157,22,1094,56,10399
15906,RANDOLPH FIELD ISD,1357,39,4,14,297,237,150,96,614,119
15907,SAN ANTONIO ISD,53035,159,53,0,48155,3394,212,5409,1060,48898
15908,SOUTH SAN ANTONIO ISD,9849,9,9,9,9553,108,9,758,137,8952
15909,SOMERSET ISD,3981,3,11,3,3467,19,27,366,449,3160
15910,NORTH EAST ISD,67501,2497,202,135,39218,4927,2160,6345,18427,31252
15911,EAST CENTRAL ISD,10075,40,10,10,7334,866,141,1017,1682,6589
15912,SOUTHWEST ISD,13661,40,13,0,12349,396,122,1434,724,11188
15913,LACKLAND ISD,961,19,2,11,206,172,98,107,447,353
15914,FT SAM HOUSTON ISD,1582,47,11,12,471,300,150,183,588,471
15915,NORTHSIDE ISD,104437,3341,104,313,71226,6683,2819,11488,19843,53158
15916,JUDSON ISD,23251,418,46,69,13160,5115,790,2394,3627,15113
15917,SOUTHSIDE ISD,5582,11,5,5,5029,83,27,580,429,4515
16901,JOHNSON CITY ISD,695,2,6,0,200,0,13,68,471,255
16902,BLANCO ISD,990,0,1,0,398,8,15,85,564,488
17901,BORDEN COUNTY ISD,243,0,0,0,45,1,8,16,185,53
18901,CLIFTON ISD,964,10,8,0,319,27,32,102,563,528
18902,MERIDIAN ISD,476,1,0,0,158,16,15,59,284,300
18903,MORGAN ISD,134,0,2,0,79,2,4,25,45,120
18904,VALLEY MILLS ISD,617,1,0,0,154,22,12,72,425,333
18905,WALNUT SPRINGS ISD,187,0,0,0,103,0,0,22,80,154
18906,IREDELL ISD,134,0,0,0,34,0,2,13,97,73
18907,KOPPERL ISD,223,0,0,0,20,2,2,24,198,146
18908,CRANFILLS GAP ISD,130,0,0,0,34,1,4,14,89,82
19901,DEKALB ISD,789,0,8,0,90,149,30,88,508,512
19902,HOOKS ISD,873,0,2,0,78,122,62,90,605,481
19903,MAUD ISD,478,0,2,0,10,42,20,53,402,269
19905,NEW BOSTON ISD,1356,12,2,1,88,283,119,180,847,839
19906,REDWATER ISD,1133,7,3,0,29,35,15,99,1041,412
19907,TEXARKANA ISD,7058,77,35,7,1016,3183,324,670,2420,4827
19908,LIBERTY-EYLAU ISD,2612,2,7,10,148,1334,122,336,982,2134
19909,SIMMS ISD,502,0,4,0,20,0,12,80,465,277
19910,MALTA ISD,119,0,2,0,9,0,7,9,99,59
19911,RED LICK ISD,509,2,4,0,18,7,13,31,464,46
19912,PLEASANT GROVE ISD,2143,75,8,8,165,315,90,180,1480,621
19913,HUBBARD ISD,83,0,1,0,19,0,4,11,56,44
19914,LEARY ISD,122,0,0,0,6,4,5,10,105,76
20901,ALVIN ISD,22067,1941,66,22,9599,3729,441,2074,6267,10945
20902,ANGLETON ISD,6743,33,114,6,3074,748,155,579,2609,4126
20904,DANBURY ISD,772,4,10,0,155,4,21,57,572,207
20905,BRAZOSPORT ISD,12306,172,61,12,6546,984,283,959,4233,6866
20906,SWEENY ISD,2039,6,10,2,468,289,95,165,1168,995
20907,COLUMBIA-BRAZORIA ISD,3057,6,12,0,828,351,85,241,1773,1525
20908,PEARLAND ISD,21030,2208,105,21,6582,3322,588,1787,8201,5593
20910,DAMON ISD,195,0,0,0,104,2,6,25,80,195
21803,BRAZOS SCHOOL FOR INQUIRY & CREATI,417,0,0,0,181,211,7,34,15,394
21805,ARROW ACADEMY,547,3,1,0,112,415,4,25,9,391
21901,COLLEGE STATION ISD,12874,1004,38,0,2742,1763,411,1068,6926,4583
21902,BRYAN ISD,16138,64,32,16,8859,3130,274,1387,3760,12055
22004,TERLINGUA CSD,86,0,1,0,66,0,0,9,17,63
22901,ALPINE ISD,1079,6,1,2,689,8,12,89,357,514
22902,MARATHON ISD,54,0,0,0,36,0,0,5,17,42
22903,SAN VICENTE ISD,31,0,0,2,7,0,2,2,19,14
23902,SILVERTON ISD,187,0,0,0,83,0,2,17,100,91
24901,BROOKS COUNTY ISD,1536,3,4,0,1503,0,1,122,21,1236
25901,BANGS ISD,986,0,0,0,244,28,23,90,686,433
25902,BROWNWOOD ISD,3698,25,14,0,1460,181,140,310,1878,2348
25904,BLANKET ISD,206,1,3,1,57,5,2,24,134,124
25905,MAY ISD,306,0,0,0,59,4,4,30,235,186
25906,ZEPHYR ISD,199,0,0,0,24,0,6,13,166,129
25908,BROOKESMITH ISD,171,0,1,0,38,0,3,11,128,95
25909,EARLY ISD,1193,15,5,1,266,23,27,114,852,553
26901,CALDWELL ISD,1793,7,5,0,654,188,48,127,889,973
26902,SOMERVILLE ISD,442,0,2,0,138,102,15,45,182,320
26903,SNOOK ISD,509,0,0,0,127,139,16,51,224,366
27903,BURNET CISD,3132,12,12,3,930,40,59,319,2079,1769
27904,MARBLE FALLS ISD,4163,37,16,16,1835,99,58,437,2102,2618
28902,LOCKHART ISD,5377,21,16,5,3855,204,75,666,1199,3753
28903,LULING ISD,1407,1,1,1,920,78,18,128,386,1000
28906,PRAIRIE LEA ISD,169,0,0,0,75,14,4,17,76,143
29901,CALHOUN COUNTY ISD,4172,221,12,0,2628,87,33,346,1189,2515
30901,CROSS PLAINS ISD,349,2,1,0,38,0,1,40,307,194
30902,CLYDE CISD,1465,7,4,1,200,21,29,143,1201,716
30903,BAIRD ISD,336,1,0,0,56,2,5,36,272,224
30906,EULA ISD,397,3,1,0,57,3,11,38,319,210
31901,BROWNSVILLE ISD,47669,95,0,0,47049,47,0,5005,476,45142
31903,HARLINGEN CISD,18650,93,18,0,17213,74,37,1697,1193,13968
31905,LA FERIA ISD,3634,0,3,0,3481,3,14,305,130,3023
31906,LOS FRESNOS CISD,10872,21,10,0,10513,21,10,858,282,8512
31909,POINT ISABEL ISD,2524,15,2,0,2311,10,10,232,174,2072
31911,RIO HONDO ISD,2138,0,2,0,2046,2,0,188,85,1860
31912,SAN BENITO CISD,10885,0,0,0,10776,10,10,859,87,8849
31913,SANTA MARIA ISD,692,0,0,0,683,0,0,47,6,667
31914,SANTA ROSA ISD,1131,0,0,0,1114,1,1,95,14,973
31916,SOUTH TEXAS ISD,3589,355,0,0,2975,35,35,64,186,1945
32902,PITTSBURG ISD,2468,24,12,0,967,431,64,234,964,1910
33901,GROOM ISD,148,0,0,0,18,2,0,18,126,47
33902,PANHANDLE ISD,650,1,7,1,59,9,7,55,564,152
33904,WHITE DEER ISD,376,0,1,0,42,0,1,30,330,165
34901,ATLANTA ISD,1754,8,5,1,136,585,57,166,957,1141
34902,AVINGER ISD,145,1,0,0,7,26,15,11,92,119
34903,HUGHES SPRINGS ISD,1243,2,2,1,119,154,49,100,913,686
34905,LINDEN-KILDARE CISD,712,5,0,0,57,150,26,84,469,507
34906,MCLEOD ISD,353,2,2,0,2,4,4,32,337,118
34907,QUEEN CITY ISD,1010,6,10,0,28,128,43,87,794,570
34909,BLOOMBURG ISD,274,4,4,0,9,9,1,21,246,155
35901,DIMMITT ISD,1203,6,1,0,1034,18,2,80,139,1070
35902,HART ISD,256,0,0,0,240,5,2,17,8,229
35903,NAZARETH ISD,231,0,5,0,23,2,0,15,200,30
36901,ANAHUAC ISD,1298,20,6,0,389,172,40,103,668,755
36902,BARBERS HILL ISD,5079,40,35,5,1117,162,96,360,3621,873
36903,EAST CHAMBERS ISD,1457,14,0,0,603,107,23,132,708,817
37901,ALTO ISD,643,1,0,0,212,158,27,66,241,444
37904,JACKSONVILLE ISD,4973,19,24,4,2501,810,134,427,1476,3883
37907,RUSK ISD,2162,2,2,0,335,311,67,237,1442,1312
37908,NEW SUMMERFIELD ISD,547,2,1,0,449,20,2,35,71,526
37909,WELLS ISD,283,0,0,0,31,22,13,26,215,187
38901,CHILDRESS ISD,1134,17,11,3,436,47,15,106,602,605
39902,HENRIETTA ISD,963,1,11,0,75,9,27,121,835,393
39903,PETROLIA CISD,513,1,9,1,69,3,12,51,416,262
39904,BELLEVUE ISD,145,0,1,0,10,3,6,15,123,70
39905,MIDWAY ISD,104,0,0,0,3,0,0,16,100,55
40901,MORTON ISD,419,0,0,0,372,7,2,31,35,390
40902,WHITEFACE CISD,343,0,2,0,174,12,1,40,152,194
41901,BRONTE ISD,262,0,0,0,95,1,1,25,165,128
41902,ROBERT LEE ISD,289,0,0,0,113,4,2,41,167,175
42901,COLEMAN ISD,916,6,4,0,242,23,19,106,619,580
42903,SANTA ANNA ISD,255,0,3,0,60,8,13,23,169,196
42905,PANTHER CREEK CISD,150,1,0,0,31,1,1,15,114,24
43801,IMAGINE INTERNATIONAL ACADEMY OF N,1192,288,15,3,160,132,54,60,537,83
43901,ALLEN ISD,20739,3587,124,62,2613,2426,933,2094,10991,3090
43902,ANNA ISD,3051,21,21,0,958,280,125,289,1644,1379
43903,CELINA ISD,2349,16,23,0,570,79,93,176,1564,584
43904,FARMERSVILLE ISD,1559,7,10,0,520,49,32,159,936,824
43905,FRISCO ISD,53130,11104,318,53,7331,5525,1753,4622,27043,5738
43907,MCKINNEY ISD,24626,985,123,73,6944,3275,689,2437,12559,7560
43908,MELISSA ISD,2327,23,23,2,414,144,74,193,1645,388
43910,PLANO ISD,54322,12385,162,54,12928,6518,1955,5649,20316,15590
43911,PRINCETON ISD,3859,23,19,3,1728,219,115,416,1748,2080
43912,PROSPER ISD,8254,297,49,8,1031,602,387,602,5868,553
43914,WYLIE ISD,14562,1252,101,43,3174,2038,465,1325,7484,3960
43917,BLUE RIDGE ISD,699,0,4,0,157,0,16,51,520,389
43918,COMMUNITY ISD,1916,24,11,1,586,107,49,174,1134,837
43919,LOVEJOY ISD,3925,227,27,3,317,82,160,270,3108,109
44902,WELLINGTON ISD,593,0,0,0,304,17,8,49,262,354
45902,COLUMBUS ISD,1596,7,4,0,665,210,27,178,681,940
45903,RICE CISD,1316,3,2,0,729,261,17,153,301,975
45905,WEIMAR ISD,635,1,0,0,262,76,19,57,274,299
46802,TRINITY CHARTER SCHOOL,496,0,1,0,224,67,10,179,189,496
46901,NEW BRAUNFELS ISD,8438,75,25,8,4024,160,160,632,3991,3071
46902,COMAL ISD,21090,295,63,21,8098,463,548,2024,11599,6137
47901,COMANCHE ISD,1336,8,5,0,674,5,12,124,629,865
47902,DE LEON ISD,672,2,2,0,217,2,10,67,434,397
47903,GUSTINE ISD,194,0,0,0,133,0,5,27,56,156
47905,SIDNEY ISD,140,0,0,0,29,0,0,14,109,91
48901,EDEN CISD,245,0,0,0,167,0,0,27,76,166
48903,PAINT ROCK ISD,252,0,0,0,123,2,6,27,119,202
49901,GAINESVILLE ISD,2855,19,17,2,1655,177,131,222,850,2284
49902,MUENSTER ISD,477,4,3,0,11,0,9,62,445,72
49903,VALLEY VIEW ISD,774,3,2,0,195,0,17,89,554,380
49905,CALLISBURG ISD,1131,1,12,0,139,10,20,98,947,475
49906,ERA ISD,482,2,7,0,57,0,11,32,401,161
49907,LINDSAY ISD,490,8,2,0,16,0,5,23,455,56
49908,WALNUT BEND ISD,83,0,0,0,16,0,0,1,65,53
49909,SIVELLS BEND ISD,73,0,2,0,10,1,1,5,57,48
50901,EVANT ISD,237,0,1,0,62,0,0,13,173,147
50902,GATESVILLE ISD,2839,19,19,0,618,65,124,352,1990,1467
50904,OGLESBY ISD,165,0,0,0,49,0,4,14,110,95
50909,JONESBORO ISD,219,0,0,0,35,1,3,22,178,86
50910,COPPERAS COVE ISD,7995,127,47,135,1942,1471,735,751,3541,4325
51901,PADUCAH ISD,204,0,0,0,83,22,4,25,95,137
52901,CRANE ISD,1146,1,2,0,869,25,4,87,242,484
53001,CROCKETT COUNTY CONSOLIDATED CSD,826,1,9,0,618,4,1,58,189,421
54901,CROSBYTON CISD,387,0,0,0,275,20,0,35,90,287
54902,LORENZO ISD,298,0,0,0,241,14,0,42,42,233
54903,RALLS ISD,581,1,0,0,445,4,1,62,128,478
55901,CULBERSON COUNTY-ALLAMOORE ISD,436,3,0,2,384,0,9,29,36,323
56901,DALHART ISD,1753,12,5,0,964,19,22,126,729,969
56902,TEXLINE ISD,175,0,1,0,84,4,0,16,85,116
57802,PEGASUS SCHOOL OF LIBERAL ARTS AND,646,3,1,0,454,158,7,58,20,500
57803,UPLIFT EDUCATION,13959,1130,27,0,9380,2568,237,851,614,10399
57804,TEXANS CAN ACADEMIES,4468,17,4,0,3006,1318,13,428,111,4199
57805,LUMIN EDUCATION,281,0,0,0,205,10,12,19,53,186
57806,ADVANTAGE ACADEMY,1833,20,5,3,1129,386,25,111,260,1385
57807,LIFE SCHOOL,5364,37,16,5,1786,2531,155,375,831,3052
57808,UNIVERSAL ACADEMY,1985,1016,19,0,579,307,25,37,35,657
57809,NOVA ACADEMY,197,0,0,0,95,93,3,7,2,187
57810,ACADEMY OF DALLAS,604,0,0,0,135,466,0,59,1,588
57811,CHILDREN FIRST ACADEMY OF DALLAS,783,0,0,0,24,756,0,14,2,783
57813,TRINITY BASIN PREPARATORY,2353,30,7,0,2211,77,4,152,23,2148
57814,ACADEMY FOR ACADEMIC EXCELLENCE,486,1,2,0,224,220,1,97,34,486
57816,A W BROWN-FELLOWSHIP LEADERSHIP AC,2161,2,0,6,62,2076,4,108,8,1795
57817,FOCUS LEARNING ACADEMY,1155,0,0,0,66,1083,2,158,3,1155
57819,JEAN MASSIEU ACADEMY,195,0,0,0,141,36,2,13,13,187
57827,NOVA ACADEMY (SOUTHEAST),766,0,0,0,462,294,0,45,6,684
57828,WINFREE ACADEMY CHARTER SCHOOLS,1380,15,12,2,561,361,31,161,394,924
57829,A+ ACADEMY,940,0,0,0,862,30,15,106,31,854
57830,INSPIRED VISION ACADEMY,1118,1,1,1,1003,90,4,112,15,1028
57831,GATEWAY CHARTER ACADEMY,747,0,2,0,15,719,5,70,5,516
57832,ALPHA CHARTER SCHOOL,132,1,1,0,62,41,5,24,20,121
57833,EDUCATION CENTER INTERNATIONAL ACA,381,43,0,0,97,91,4,36,144,156
57834,EVOLUTION ACADEMY CHARTER SCHOOL,795,3,7,11,282,395,8,77,85,457
57835,GOLDEN RULE CHARTER SCHOOL,1526,7,0,1,1382,114,1,59,19,1461
57836,ST ANTHONY SCHOOL,316,0,0,0,8,305,0,22,0,220
57837,KIPP DALLAS-FORT WORTH,1234,0,0,0,436,753,7,71,34,1106
57839,LA ACADEMIA DE ESTRELLAS,1126,0,0,1,1102,9,2,106,12,1011
57840,RICHLAND COLLEGIATE HIGH SCHOOL,511,112,1,1,127,104,11,3,152,100
57841,CITYSCAPE SCHOOLS,520,0,3,0,413,45,6,29,52,498
57844,MANARA ACADEMY,873,301,0,0,52,213,19,52,286,428
57845,UME PREPARATORY ACADEMY,429,23,0,2,115,42,11,20,233,118
57846,LEGACY PREPARATORY,1187,28,0,0,716,258,17,73,163,790
57847,VILLAGE TECH SCHOOLS,725,10,0,0,237,216,36,23,221,219
57848,INTERNATIONAL LEADERSHIP OF TEXAS,5030,367,25,10,2525,799,135,266,1171,2218
57849,TRINITY ENVIRONMENTAL ACADEMY,143,0,1,0,22,110,3,14,6,128
57903,CARROLLTON-FARMERS BRANCH ISD,25724,2675,77,25,14405,4270,617,2546,3652,16669
57904,CEDAR HILL ISD,8018,104,24,8,1820,5380,216,657,473,5131
57905,DALLAS ISD,158495,2218,475,158,111104,35819,950,11570,7766,139158
57906,DESOTO ISD,9716,29,19,9,1797,7452,155,923,272,6976
57907,DUNCANVILLE ISD,12761,204,102,25,6610,5117,153,1174,561,9596
57909,GARLAND ISD,57418,4823,976,57,28594,10105,1263,4708,11655,37666
57910,GRAND PRAIRIE ISD,29309,908,117,29,18845,5334,498,2549,3546,21483
57911,HIGHLAND PARK ISD,7054,395,21,7,338,42,141,571,6101,0
57912,IRVING ISD,34872,1150,523,69,25142,4498,348,2545,3103,27548
57913,LANCASTER ISD,7315,7,51,0,1411,5610,73,592,153,6312
57914,MESQUITE ISD,40718,610,203,40,22639,10260,855,3949,6148,30619
57916,RICHARDSON ISD,38671,2706,154,38,15275,8120,1044,4060,11291,21810
57919,SUNNYVALE ISD,1633,370,3,1,160,171,65,145,860,261
57922,COPPELL ISD,11851,4835,47,11,1564,545,308,616,4538,1042
58902,DAWSON ISD,176,0,1,0,90,0,0,11,83,86
58905,KLONDIKE ISD,267,6,1,0,91,2,2,10,162,84
58906,LAMESA ISD,2034,8,4,2,1663,71,14,183,268,1673
58909,SANDS CISD,255,2,3,0,119,0,2,19,129,144
59901,HEREFORD ISD,4244,12,8,0,3705,25,16,309,471,3501
59902,WALCOTT ISD,138,0,0,0,105,0,0,8,32,85
60902,COOPER ISD,801,4,8,0,84,76,28,75,599,463
60914,FANNINDEL ISD,172,6,1,0,8,54,7,27,95,142
61802,NORTH TEXAS COLLEGIATE ACADEMY,380,1,0,0,180,58,15,36,123,278
61804,LEADERSHIP PREP SCHOOL,595,227,1,0,73,36,20,51,236,20
61901,DENTON ISD,27296,764,191,54,8216,3684,545,2866,13839,11464
61902,LEWISVILLE ISD,53396,6941,266,53,15164,5392,1815,5392,23761,17407
61903,PILOT POINT ISD,1392,8,12,4,595,36,26,104,708,768
61905,KRUM ISD,2055,8,8,0,540,51,49,219,1395,733
61906,PONDER ISD,1273,3,5,1,263,17,21,96,959,507
61907,AUBREY ISD,2315,13,16,0,393,134,43,180,1713,678
61908,SANGER ISD,2686,21,26,2,658,80,94,268,1802,1203
61910,ARGYLE ISD,2227,28,8,0,216,22,48,182,1901,224
61911,NORTHWEST ISD,20900,668,104,41,4326,1442,543,1692,13773,3908
61912,LAKE DALLAS ISD,3958,94,35,3,1096,308,213,415,2208,1511
61914,LITTLE ELM ISD,7171,186,21,14,2897,1089,250,544,2710,3126
62901,CUERO ISD,2166,6,4,0,946,279,51,225,875,1160
62902,NORDHEIM ISD,159,0,0,0,66,4,0,18,86,76
62903,YOAKUM ISD,1621,6,0,0,1024,136,21,204,434,1181
62904,YORKTOWN ISD,516,0,1,0,262,12,3,57,236,309
62905,WESTHOFF ISD,68,0,0,0,35,4,0,5,28,43
62906,MEYERSVILLE ISD,109,0,0,0,13,0,0,5,93,26
63903,SPUR ISD,272,0,0,0,109,7,4,26,149,136
63906,PATTON SPRINGS ISD,114,0,0,0,46,0,0,19,67,101
64903,CARRIZO SPRINGS CISD,2311,16,0,0,2170,11,6,157,103,1308
65901,CLARENDON ISD,480,1,0,2,58,49,14,48,351,272
65902,HEDLEY ISD,136,0,2,0,39,2,0,8,93,107
66005,RAMIREZ CSD,34,0,0,0,34,0,0,4,0,34
66901,BENAVIDES ISD,361,0,0,0,358,0,0,44,2,273
66902,SAN DIEGO ISD,1378,0,1,0,1361,0,0,111,16,1000
66903,FREER ISD,804,3,0,0,733,0,3,102,62,553
67902,CISCO ISD,868,6,6,0,157,5,25,92,668,475
67903,EASTLAND ISD,1095,7,4,0,314,17,16,114,734,605
67904,GORMAN ISD,322,0,0,0,122,0,9,39,189,228
67907,RANGER ISD,426,0,2,0,89,19,5,60,307,313
67908,RISING STAR ISD,160,0,0,0,31,0,2,8,127,112
68802,COMPASS ACADEMY CHARTER SCHOOL,673,2,2,0,240,10,6,45,411,142
68803,UTPB STEM ACADEMY,323,0,0,0,92,10,10,17,209,31
68901,ECTOR COUNTY ISD,31434,282,94,62,23544,1225,282,2326,5941,16251
69901,ROCKSPRINGS ISD,265,0,0,0,218,0,0,31,46,202
69902,NUECES CANYON CISD,291,0,0,0,130,0,2,29,155,188
70801,WAXAHACHIE FAITH FAMILY ACADEMY,2566,5,2,0,1629,751,10,120,166,2122
70901,AVALON ISD,379,0,0,1,119,4,1,48,253,206
70903,ENNIS ISD,5799,23,11,17,3253,719,63,614,1716,3949
70905,FERRIS ISD,2497,2,7,0,1745,162,19,264,559,1977
70907,ITALY ISD,573,1,1,0,197,75,18,63,279,347
70908,MIDLOTHIAN ISD,8125,105,40,8,1706,398,243,723,5622,1771
70909,MILFORD ISD,255,0,0,0,72,57,22,31,100,194
70910,PALMER ISD,1162,4,3,0,469,18,17,161,649,599
70911,RED OAK ISD,5823,46,40,5,1944,1205,139,623,2439,2614
70912,WAXAHACHIE ISD,8107,40,32,8,2821,956,218,899,4029,3818
70915,MAYPEARL ISD,1062,7,5,1,178,14,21,88,834,379
71801,BURNHAM WOOD CHARTER SCHOOL DISTRI,1031,23,2,1,888,29,4,46,81,535
71803,PASO DEL NORTE ACADEMY CHARTER DIS,241,0,0,0,239,0,0,15,0,232
71804,EL PASO ACADEMY,362,1,0,0,341,2,0,27,18,270
71806,HARMONY SCIENCE ACAD (EL PASO),2691,18,5,0,2206,145,32,199,282,1821
71807,LA FE PREPARATORY SCHOOL,262,0,0,0,259,0,0,14,2,247
71809,VISTA DEL FUTURO CHARTER SCHOOL,364,2,0,0,318,12,6,26,22,180
71810,EL PASO LEADERSHIP ACADEMY,181,1,1,1,165,3,1,17,7,135
71901,CLINT ISD,11669,11,23,0,11062,58,58,816,443,10105
71902,EL PASO ISD,59772,717,119,239,49849,2211,836,6156,5917,42199
71903,FABENS ISD,2364,0,0,0,2337,2,2,255,21,2163
71904,SAN ELIZARIO ISD,3955,0,0,0,3927,3,0,320,19,3753
71905,YSLETA ISD,42232,84,84,42,39529,633,211,4983,1647,31842
71906,ANTHONY ISD,838,0,0,0,803,3,3,87,27,834
71907,CANUTILLO ISD,5973,23,5,0,5626,41,29,543,244,4288
71908,TORNILLO ISD,1192,0,1,0,1186,0,1,61,3,1140
71909,SOCORRO ISD,45126,270,135,90,41380,1037,270,3790,1940,31994
72801,PREMIER HIGH SCHOOLS,6435,64,38,12,3069,540,154,566,2554,3648
72802,ERATH EXCELS ACADEMY INC,159,0,2,0,89,3,0,14,65,134
72901,THREE WAY ISD,99,0,0,0,55,0,0,1,42,79
72902,DUBLIN ISD,1175,1,2,0,714,10,17,68,428,869
72903,STEPHENVILLE ISD,3693,29,18,0,1174,40,62,280,2367,1698
72904,BLUFF DALE ISD,114,0,1,0,11,1,2,2,97,33
72908,HUCKABAY ISD,205,1,2,0,34,0,2,6,166,70
72909,LINGLEVILLE ISD,255,0,0,0,122,0,3,11,129,147
72910,MORGAN MILL ISD,124,0,0,0,15,0,2,6,106,49
73901,CHILTON ISD,497,0,0,0,303,69,8,61,113,421
73903,MARLIN ISD,879,1,1,0,290,513,13,102,58,864
73904,WESTPHALIA ISD,157,0,0,0,26,0,2,16,126,34
73905,ROSEBUD-LOTT ISD,651,1,0,0,236,89,24,72,300,436
74903,BONHAM ISD,1872,9,22,1,445,134,82,241,1177,1323
74904,DODD CITY ISD,391,0,1,0,35,1,10,32,342,177
74905,ECTOR ISD,255,2,0,0,29,2,5,35,217,115
74907,HONEY GROVE ISD,580,1,6,0,106,64,35,69,364,349
74909,LEONARD ISD,871,0,19,0,150,32,31,75,636,488
74911,SAVOY ISD,305,3,4,0,20,0,20,28,255,143
74912,TRENTON ISD,510,2,5,0,89,11,12,44,390,213
74917,SAM RAYBURN ISD,489,0,2,0,41,3,17,49,423,236
75901,FLATONIA ISD,584,4,0,0,328,22,5,50,221,359
75902,LA GRANGE ISD,2004,14,4,0,767,188,50,162,979,1024
75903,SCHULENBURG ISD,700,4,2,0,280,91,11,70,310,410
75906,FAYETTEVILLE ISD,234,0,0,0,29,3,3,19,196,73
75908,ROUND TOP-CARMINE ISD,288,0,2,0,52,12,14,27,207,108
76903,ROBY CISD,288,0,0,0,101,2,4,21,180,152
76904,ROTAN ISD,272,0,1,0,128,13,7,23,122,190
77901,FLOYDADA ISD,788,0,0,0,621,32,4,69,129,516
77902,LOCKNEY ISD,474,0,0,0,375,10,0,48,85,346
78901,CROWELL ISD,207,2,0,0,77,7,3,33,115,138
79901,LAMAR CISD,29631,1866,88,29,13126,5659,622,2400,8207,12830
79906,NEEDVILLE ISD,3015,12,9,0,1353,111,39,265,1492,1145
79907,FORT BEND ISD,72910,17935,291,72,19321,20560,2041,4593,12686,24570
79910,STAFFORD MSD,3400,234,13,3,1550,1377,74,275,146,2335
80901,MOUNT VERNON ISD,1653,16,4,0,426,87,61,152,1056,930
81902,FAIRFIELD ISD,1826,12,5,3,419,303,49,107,1031,918
81904,TEAGUE ISD,1264,5,2,0,323,182,39,118,711,687
81905,WORTHAM ISD,523,3,1,0,73,65,7,33,370,269
81906,DEW ISD,160,0,0,0,19,14,4,8,123,70
82902,DILLEY ISD,973,4,0,0,870,1,2,85,92,662
82903,PEARSALL ISD,2304,6,0,0,2165,9,4,209,115,1919
83901,SEAGRAVES ISD,615,0,0,0,496,51,1,38,65,442
83902,LOOP ISD,110,0,0,0,72,0,0,6,37,53
83903,SEMINOLE ISD,2841,8,5,2,1397,31,17,196,1380,1434
84802,ODYSSEY ACADEMY INC,1099,12,5,1,635,109,23,119,312,748
84804,AMBASSADORS PREPARATORY ACADEMY,278,10,1,0,78,157,5,11,25,237
84805,PREMIER LEARNING ACADEMY,459,10,1,1,186,190,5,15,61,379
84901,DICKINSON ISD,10917,240,32,10,5240,1943,218,1048,3231,6724
84902,GALVESTON ISD,6983,139,34,6,3142,1752,125,516,1787,5188
84903,HIGH ISLAND ISD,143,1,1,0,15,1,8,12,116,101
84904,LA MARQUE ISD,2284,2,31,0,443,1523,45,244,237,1895
84906,TEXAS CITY ISD,6359,31,57,12,2766,1335,89,521,2066,4266
84908,HITCHCOCK ISD,1706,3,1,0,484,752,34,158,428,1356
84909,SANTA FE ISD,4652,23,23,0,893,27,60,446,3619,1511
84910,CLEAR CREEK ISD,41061,4023,82,41,12071,3325,1765,3941,19750,11332
84911,FRIENDSWOOD ISD,6116,385,18,6,929,128,140,532,4507,556
85902,POST ISD,894,0,8,0,557,48,15,100,261,615
85903,SOUTHLAND ISD,156,0,0,0,73,2,0,11,78,117
86024,DOSS CONSOLIDATED CSD,12,0,0,0,2,0,0,3,9,0
86901,FREDERICKSBURG ISD,3129,15,6,6,1498,6,34,303,1564,1620
86902,HARPER ISD,617,0,3,1,75,1,1,59,534,225
87901,GLASSCOCK COUNTY ISD,312,0,0,0,151,0,0,19,159,108
88902,GOLIAD ISD,1346,1,1,0,632,72,25,126,612,633
89901,GONZALES ISD,2850,11,0,0,1938,210,11,250,678,1997
89903,NIXON-SMILEY CISD,1067,0,0,0,829,7,7,119,224,852
89905,WAELDER ISD,334,1,0,0,273,41,2,27,16,316
90902,LEFORS ISD,182,0,0,0,30,0,4,14,145,99
90903,MCLEAN ISD,239,0,0,0,38,3,4,18,191,104
90904,PAMPA ISD,3664,14,14,0,1674,102,84,392,1777,2286
90905,GRANDVIEW-HOPKINS ISD,48,0,0,0,8,1,0,1,39,9
91901,BELLS ISD,768,0,13,2,39,2,29,66,679,285
91902,COLLINSVILLE ISD,540,0,4,0,99,10,14,29,409,277
91903,DENISON ISD,4573,32,109,4,813,443,338,672,2830,2807
91905,HOWE ISD,1035,2,16,1,156,4,24,91,830,505
91906,SHERMAN ISD,7166,207,78,0,2715,974,415,809,2773,4822
91907,TIOGA ISD,475,3,5,0,104,0,9,31,351,206
91908,VAN ALSTYNE ISD,1480,4,13,0,164,20,47,118,1228,429
91909,WHITESBORO ISD,1573,3,34,0,245,4,36,144,1248,810
91910,WHITEWRIGHT ISD,776,4,3,0,75,45,37,55,609,329
91913,POTTSBORO ISD,1423,11,38,0,92,2,65,130,1212,560
91914,S AND S CISD,849,0,15,0,89,6,39,66,697,437
91917,GUNTER ISD,822,4,9,0,180,4,26,55,599,245
91918,TOM BEAN ISD,690,2,6,2,37,8,22,82,612,327
92801,EAST TEXAS CHARTER SCHOOLS,167,0,0,0,35,8,3,12,121,40
92901,GLADEWATER ISD,1846,11,3,0,289,407,92,197,1042,1292
92902,KILGORE ISD,4031,44,24,0,1289,616,153,290,1906,2495
92903,LONGVIEW ISD,8807,114,61,17,3249,3196,273,686,1884,6358
92904,PINE TREE ISD,4671,51,14,4,1569,1036,154,373,1845,2910
92906,SABINE ISD,1442,5,4,0,282,93,40,112,1012,673
92907,SPRING HILL ISD,1889,28,13,5,287,205,58,134,1290,715
92908,WHITE OAK ISD,1508,12,16,0,108,51,55,117,1263,556
93901,ANDERSON-SHIRO CISD,839,1,5,0,131,67,10,57,621,352
93903,IOLA ISD,463,0,0,0,56,17,6,37,381,201
93904,NAVASOTA ISD,3075,6,15,0,1509,682,46,209,814,2352
93905,RICHARDS ISD,132,0,0,0,8,13,3,6,105,90
94901,SEGUIN ISD,7461,37,7,0,5215,373,74,686,1753,4931
94902,SCHERTZ-CIBOLO-U CITY ISD,15081,301,60,45,5987,1689,814,1206,6183,4343
94903,NAVARRO ISD,1808,12,3,1,777,28,30,119,954,665
94904,MARION ISD,1442,5,4,1,562,24,28,112,813,664
95901,ABERNATHY ISD,779,0,2,0,447,4,10,70,313,427
95902,COTTON CENTER ISD,106,0,0,0,66,0,0,11,39,92
95903,HALE CENTER ISD,622,1,3,1,437,11,9,54,156,465
95904,PETERSBURG ISD,264,0,0,0,209,2,2,22,49,223
95905,PLAINVIEW ISD,5655,22,16,5,4399,237,62,475,910,4207
96904,MEMPHIS ISD,520,1,1,0,289,42,5,55,182,364
96905,TURKEY-QUITAQUE ISD,188,0,0,0,60,8,2,15,116,87
97902,HAMILTON ISD,780,3,2,0,142,3,13,81,613,390
97903,HICO ISD,569,1,0,0,138,2,3,47,422,319
98901,GRUVER ISD,449,1,0,0,230,0,0,26,214,229
98903,PRINGLE-MORSE CISD,125,0,0,0,43,0,1,9,81,54
98904,SPEARMAN ISD,876,5,0,0,598,0,5,53,268,517
99902,CHILLICOTHE ISD,196,0,1,0,82,0,9,21,98,173
99903,QUANAH ISD,569,6,1,0,187,21,30,62,323,443
100903,KOUNTZE ISD,1178,8,7,0,69,148,18,109,927,537
100904,SILSBEE ISD,2745,10,13,2,192,477,109,296,1940,1498
100905,HARDIN-JEFFERSON ISD,2247,8,4,0,208,215,31,177,1779,853
100907,LUMBERTON ISD,3905,35,19,3,312,15,66,316,3455,1042
100908,WEST HARDIN COUNTY CISD,585,0,7,0,19,0,7,43,551,318
101802,SER-NINOS CHARTER SCHOOL,1087,2,4,0,1059,17,1,41,3,1045
101803,ARISTOI CLASSICAL ACADEMY,644,7,1,0,200,70,19,34,345,103
101804,GEORGE I SANCHEZ CHARTER,828,0,1,0,794,18,0,62,13,750
101806,RAUL YZAGUIRRE SCHOOL FOR SUCCESS,1299,0,2,0,1288,0,2,76,5,1258
101807,UNIVERSITY OF HOUSTON CHARTER SCHO,121,3,0,0,49,37,6,7,25,30
101810,ACADEMY OF ACCELERATED LEARNING IN,773,9,13,0,426,316,4,13,0,659
101811,EXCEL ACADEMY,526,0,0,1,215,265,5,72,39,526
101813,KIPP INC CHARTER,12388,198,49,0,7829,4162,61,681,86,11335
101814,THE VARNETT PUBLIC SCHOOL,1668,6,3,0,850,698,3,41,105,1457
101815,ALIEF MONTESSORI COMMUNITY SCHOOL,294,111,0,0,107,57,2,14,14,176
101819,AMIGOS POR VIDA-FRIENDS FOR LIFE P,527,0,0,1,520,2,2,24,2,511
101821,HOUSTON HEIGHTS HIGH SCHOOL,215,0,0,1,175,24,1,21,12,175
101828,HOUSTON GATEWAY ACADEMY INC,2062,4,0,0,1996,41,4,43,18,1855
101829,HOUSTON HEIGHTS LEARNING ACADEMY I,173,7,0,1,64,84,2,11,14,157
101833,LA AMISTAD LOVE & LEARNING ACADEMY,228,5,0,0,44,176,0,7,2,215
101837,CALVIN NELMS CHARTER SCHOOLS,307,7,0,0,163,31,6,20,98,116
101838,SOUTHWEST SCHOOL,1853,5,3,1,1573,142,9,168,118,1723
101840,TWO DIMENSIONS PREPARATORY ACADEMY,486,1,0,0,48,433,1,14,0,465
101842,COMQUEST ACADEMY,83,0,0,0,34,13,0,4,36,55
101845,YES PREP PUBLIC SCHOOLS INC,9514,152,47,0,8124,1065,19,542,104,7915
101846,HARMONY SCIENCE ACADEMY,3516,369,3,0,1680,1163,35,175,263,2524
101847,BEATRICE MAYES INSTITUTE CHARTER S,455,0,0,0,11,441,0,40,0,349
101849,ACCELERATED INTERMEDIATE ACADEMY,281,3,1,0,148,123,0,19,5,272
101850,ZOE LEARNING ACADEMY,498,0,0,0,18,469,2,25,5,423
101853,PROMISE COMMUNITY SCHOOL,1888,66,3,0,1331,398,11,143,77,1840
101855,MEYERPARK ELEMENTARY,249,0,0,0,49,189,2,13,4,232
101856,DRAW ACADEMY,698,37,0,0,649,6,0,11,4,688
101858,HARMONY SCHOOL OF EXCELLENCE,4387,807,13,0,1934,899,118,241,614,2285
101859,STEP CHARTER SCHOOL,347,51,4,0,196,83,1,44,10,312
101861,THE RHODES SCHOOL,914,8,0,0,140,742,17,53,4,702
101862,HARMONY SCHOOL OF SCIENCE - HOUSTO,3074,928,3,0,639,805,55,165,645,1475
101864,THE LAWSON ACADEMY,149,0,0,0,15,132,1,16,0,60
101865,VICTORY PREP,607,1,1,0,140,457,3,35,1,526
101866,GLOBAL LEARNING VILLAGE,176,0,0,0,2,173,0,22,0,95
101867,FALLBROOK COLLEGE PREPARATORY ACAD,491,2,0,0,29,446,5,21,3,357
101868,THE PRO-VISION ACADEMY,363,0,1,0,26,335,1,50,0,337
101869,C O R E ACADEMY,509,0,0,0,30,470,1,43,7,450
101870,BETA ACADEMY,467,7,0,0,353,71,4,14,29,285
101902,ALDINE ISD,70277,913,140,70,50599,16725,421,4849,1335,62054
101903,ALIEF ISD,47227,5761,661,94,24699,13790,330,3447,1936,37970
101905,CHANNELVIEW ISD,9327,102,83,9,7303,1044,46,802,736,7359
101906,CROSBY ISD,5666,22,16,0,1977,923,130,475,2600,2651
101907,CYPRESS-FAIRBANKS ISD,113656,10342,795,113,50349,19094,2727,8410,30232,55577
101908,DEER PARK ISD,13152,144,39,13,7102,368,263,1315,5234,5773
101910,GALENA PARK ISD,22511,180,90,0,17491,3444,157,1890,1148,17986
101911,GOOSE CREEK CISD,23661,378,70,23,14125,3643,425,2342,4992,15143
101912,HOUSTON ISD,214891,7950,429,214,133232,52433,2148,15472,18265,164391
101913,HUMBLE ISD,40427,1212,161,202,13785,7721,808,3072,16534,13704
101914,KATY ISD,72725,10181,290,72,25162,7127,2036,6399,27853,20581
101915,KLEIN ISD,50394,4333,201,50,19956,7105,1411,4132,17335,20560
101916,LA PORTE ISD,7732,77,46,7,3572,494,216,796,3324,3680
101917,PASADENA ISD,55893,1676,55,55,46223,4024,391,5198,3465,42702
101919,SPRING ISD,36813,1178,662,147,15903,14835,552,2981,3570,25989
101920,SPRING BRANCH ISD,35246,2255,317,35,20548,1656,563,2572,9868,19667
101921,TOMBALL ISD,14072,928,42,14,4221,633,520,1125,7725,3025
101924,SHELDON ISD,8459,42,16,8,5879,1784,93,549,625,6691
101925,HUFFMAN ISD,3454,20,3,3,704,79,37,279,2607,1129
102901,KARNACK ISD,126,0,0,0,17,71,16,7,21,126
102902,MARSHALL ISD,5577,27,16,5,1851,2147,133,334,1394,4232
102903,WASKOM ISD,928,0,0,0,208,155,54,74,506,544
102904,HALLSVILLE ISD,4926,44,29,0,635,334,177,369,3704,1901
102905,HARLETON ISD,786,0,0,0,44,13,19,87,708,330
102906,ELYSIAN FIELDS ISD,918,7,1,0,37,121,35,110,714,430
103901,CHANNING ISD,158,0,0,0,33,0,0,15,124,82
103902,HARTLEY ISD,215,0,0,0,130,0,0,7,84,145
104901,HASKELL CISD,620,1,6,1,238,19,19,63,331,399
104903,RULE ISD,125,0,0,0,57,1,5,20,62,107
104907,PAINT CREEK ISD,142,0,0,0,57,0,3,18,78,101
105801,KATHERINE ANNE PORTER SCHOOL,164,1,0,0,38,1,7,16,114,67
105802,TEXAS PREPARATORY SCHOOL,251,4,1,0,91,101,6,21,46,175
105803,KI CHARTER ACADEMY,173,1,5,2,32,15,0,88,116,173
105902,SAN MARCOS CISD,7858,62,7,7,5673,377,78,840,1650,5563
105904,DRIPPING SPRINGS ISD,5609,89,28,5,1121,39,229,555,4094,628
105905,WIMBERLEY ISD,2183,15,10,0,469,10,48,172,1626,595
105906,HAYS CISD,18585,167,37,18,11764,520,390,1839,5705,9199
106901,CANADIAN ISD,1039,5,4,0,484,1,8,60,537,447
107901,ATHENS ISD,3182,25,3,3,1485,413,136,257,1116,2287
107902,BROWNSBORO ISD,2713,8,16,8,404,208,59,246,2007,1465
107904,CROSS ROADS ISD,597,0,0,0,39,2,4,63,549,284
107905,EUSTACE ISD,1565,0,9,0,169,18,48,197,1320,1078
107906,MALAKOFF ISD,1297,3,2,0,193,166,37,124,893,835
107907,TRINIDAD ISD,171,0,0,0,22,23,11,24,114,80
107908,MURCHISON ISD,198,1,0,0,31,0,1,22,162,105
107910,LAPOYNOR ISD,474,0,0,0,44,37,6,43,383,239
108802,HORIZON MONTESSORI PUBLIC SCHOOLS,1304,19,14,0,1220,5,2,65,44,954
108804,MIDVALLEY ACADEMY CHARTER DISTRICT,346,0,0,0,342,0,0,26,3,313
108807,IDEA PUBLIC SCHOOLS,23525,188,23,23,22019,611,23,1105,611,20960
108808,VANGUARD ACADEMY,2397,4,0,0,2327,9,2,83,52,2001
108809,EXCELLENCE IN LEADERSHIP ACADEMY,201,0,0,0,196,2,0,16,2,178
108902,DONNA ISD,15312,0,0,0,15250,15,0,1056,45,14224
108903,EDCOUCH-ELSA ISD,5128,0,0,0,5092,5,0,369,25,5107
108904,EDINBURG CISD,34466,172,0,0,33500,68,103,2033,585,29365
108905,HIDALGO ISD,3268,3,0,0,3261,3,0,192,3,2924
108906,MCALLEN ISD,24195,338,24,0,22622,96,72,2032,991,17638
108907,MERCEDES ISD,5640,5,5,0,5555,11,11,377,50,4799
108908,MISSION CISD,15717,15,0,0,15544,15,0,1100,125,13170
108909,PHARR-SAN JUAN-ALAMO ISD,32593,65,0,0,32267,32,0,2053,195,28584
108910,PROGRESO ISD,1974,0,0,0,1966,0,0,116,7,1897
108911,SHARYLAND ISD,10025,200,10,10,9313,40,20,591,441,6095
108912,LA JOYA ISD,29533,0,29,0,29414,0,0,2037,88,27820
108913,WESLACO ISD,17750,35,35,0,17395,17,0,1437,266,14235
108914,LA VILLA ISD,591,0,0,0,591,0,0,39,0,527
108915,MONTE ALTO ISD,1055,0,0,0,1043,1,0,61,10,932
108916,VALLEY VIEW ISD,4519,0,0,0,4505,0,0,275,9,3854
109901,ABBOTT ISD,269,1,0,0,27,0,8,29,231,76
109902,BYNUM ISD,212,0,0,0,55,11,6,22,138,142
109903,COVINGTON ISD,317,0,6,0,46,1,7,56,252,154
109904,HILLSBORO ISD,1989,9,5,0,1175,270,53,210,475,1461
109905,HUBBARD ISD,368,0,1,0,58,58,6,29,242,230
109907,ITASCA ISD,682,6,2,0,293,51,23,68,304,463
109908,MALONE ISD,113,0,0,0,55,7,2,16,49,100
109910,MOUNT CALM ISD,180,0,1,0,43,9,10,25,117,138
109911,WHITNEY ISD,1478,8,5,1,294,69,35,165,1061,922
109912,AQUILLA ISD,263,0,1,0,37,3,7,22,214,118
109913,BLUM ISD,357,0,2,1,42,4,7,43,299,199
109914,PENELOPE ISD,187,0,0,0,57,2,3,29,123,140
110901,ANTON ISD,242,0,0,0,173,14,6,19,47,193
110902,LEVELLAND ISD,3067,6,9,3,2125,113,24,395,782,2128
110905,ROPES ISD,344,1,2,0,138,4,3,20,195,155
110906,SMYER ISD,431,0,3,0,203,8,5,53,211,268
110907,SUNDOWN ISD,636,3,3,0,356,6,1,45,263,227
110908,WHITHARRAL ISD,183,0,0,0,71,2,0,10,107,60
111901,GRANBURY ISD,6971,48,48,13,1652,41,125,773,5040,3464
111902,LIPAN ISD,358,0,0,0,42,2,5,27,307,168
111903,TOLAR ISD,779,3,2,0,49,3,3,53,716,225
112901,SULPHUR SPRINGS ISD,4336,39,13,4,1131,520,164,364,2467,2584
112905,CUMBY ISD,351,0,3,0,30,3,4,48,307,196
112906,NORTH HOPKINS ISD,531,3,5,0,116,4,18,55,382,295
112907,MILLER GROVE ISD,286,0,0,0,64,0,2,36,219,171
112908,COMO-PICKTON CISD,758,3,6,0,322,19,15,58,390,503
112909,SALTILLO ISD,262,0,0,0,63,9,6,25,182,184
112910,SULPHUR BLUFF ISD,207,0,0,1,21,2,7,26,174,92
113901,CROCKETT ISD,1286,6,2,0,403,627,36,127,209,1138
113902,GRAPELAND ISD,482,1,0,1,45,118,11,71,302,332
113903,LOVELADY ISD,507,4,0,0,45,50,16,55,391,220
113905,LATEXO ISD,511,1,1,0,49,22,6,42,430,227
113906,KENNARD ISD,256,0,2,0,14,36,8,34,195,151
114901,BIG SPRING ISD,4114,28,4,0,2682,242,94,366,1061,2571
114902,COAHOMA ISD,913,1,7,0,307,2,12,61,579,289
114904,FORSAN ISD,739,14,3,0,181,16,16,36,506,195
115901,FT HANCOCK ISD,434,0,0,0,421,0,0,26,10,401
115902,SIERRA BLANCA ISD,123,0,0,0,79,1,0,10,38,84
115903,DELL CITY ISD,82,0,0,0,60,0,0,10,20,65
116901,CADDO MILLS ISD,1680,6,10,0,268,33,50,134,1310,593
116902,CELESTE ISD,499,0,0,0,62,11,12,64,410,263
116903,COMMERCE ISD,1603,35,11,11,339,325,78,169,799,1056
116905,GREENVILLE ISD,5208,41,41,10,2104,927,171,536,1911,3416
116906,LONE OAK ISD,988,4,8,0,90,33,25,130,823,427
116908,QUINLAN ISD,2571,10,17,0,570,20,48,303,1902,1719
116909,WOLFE CITY ISD,662,1,3,0,92,29,5,72,526,364
116910,CAMPBELL ISD,353,2,2,0,60,3,2,33,282,210
116915,BLAND ISD,608,0,6,1,206,12,23,57,359,319
116916,BOLES ISD,516,5,4,1,71,9,18,50,407,281
117901,BORGER ISD,2758,16,33,0,1227,85,102,267,1293,1420
117903,SANFORD-FRITCH ISD,772,2,7,0,71,4,16,88,670,335
117904,PLEMONS-STINNETT-PHILLIPS CISD,646,1,12,0,140,3,16,76,472,266
117907,SPRING CREEK ISD,101,0,3,0,21,0,5,2,72,27
118902,IRION COUNTY ISD,324,0,0,0,106,8,1,20,206,136
119901,BRYSON ISD,263,0,2,0,29,0,2,26,226,148
119902,JACKSBORO ISD,960,5,5,0,294,12,26,82,614,551
119903,PERRIN-WHITT CISD,356,0,1,0,61,0,7,39,285,181
120901,EDNA ISD,1556,24,1,4,684,238,18,143,583,992
120902,GANADO ISD,771,0,0,0,413,20,6,60,329,403
120905,INDUSTRIAL ISD,1217,2,2,0,345,17,3,103,845,400
121902,BROOKELAND ISD,417,2,0,0,22,10,12,47,369,248
121903,BUNA ISD,1443,1,11,0,46,63,27,126,1294,627
121904,JASPER ISD,2497,9,4,14,426,1036,64,264,938,1875
121905,KIRBYVILLE CISD,1539,9,6,1,95,155,56,107,1214,918
121906,EVADALE ISD,503,0,0,0,18,1,17,38,466,145
122901,FT DAVIS ISD,228,0,0,0,135,0,2,20,88,118
122902,VALENTINE ISD,46,1,0,0,36,0,0,0,9,39
123803,TEKOA ACADEMY OF ACCELERATED STUDI,492,0,0,0,50,409,7,17,23,457
123805,EHRHART SCHOOL,366,2,1,0,174,150,8,13,28,303
123807,BOB HOPE SCHOOL,516,3,0,0,491,13,2,24,6,450
123905,NEDERLAND ISD,5184,316,36,5,1197,435,82,533,3110,2213
123907,PORT ARTHUR ISD,8826,335,167,0,4218,3856,44,635,202,6716
123908,PORT NECHES-GROVES ISD,4972,273,9,0,1103,134,139,452,3306,1665
123910,BEAUMONT ISD,19171,575,38,19,4409,11521,440,1495,2185,14339
123913,SABINE PASS ISD,385,5,3,0,142,83,3,10,148,256
123914,HAMSHIRE-FANNETT ISD,1812,28,10,1,288,88,21,123,1371,558
124901,JIM HOGG COUNTY ISD,1156,3,1,0,1107,4,0,78,39,949
125901,ALICE ISD,5135,25,5,0,4847,30,10,395,220,3974
125902,BEN BOLT-PALITO BLANCO ISD,579,0,1,0,525,1,0,60,49,404
125903,ORANGE GROVE ISD,1948,9,0,0,1172,1,9,183,755,1114
125905,PREMONT ISD,483,0,0,0,469,0,0,42,12,299
125906,LA GLORIA ISD,118,0,0,0,115,0,0,6,2,65
126901,ALVARADO ISD,3588,14,32,3,1234,96,86,254,2116,2213
126902,BURLESON ISD,11342,113,68,22,2347,635,328,930,7814,4185
126903,CLEBURNE ISD,6670,20,40,86,2821,266,186,586,3248,4435
126904,GRANDVIEW ISD,1134,7,10,3,178,23,19,87,892,411
126905,JOSHUA ISD,5125,25,30,0,1224,56,123,343,3669,2547
126906,KEENE ISD,1018,5,7,182,359,43,42,75,377,804
126907,RIO VISTA ISD,726,0,2,0,121,2,18,76,580,418
126908,VENUS ISD,1990,17,27,3,1042,55,31,133,811,1464
126911,GODLEY ISD,1765,5,38,1,411,19,44,204,1246,1000
127901,ANSON ISD,690,2,0,0,340,11,13,69,322,422
127903,HAMLIN ISD,420,5,0,0,178,12,23,47,201,293
127904,HAWLEY ISD,772,0,0,0,142,3,9,51,616,399
127905,LUEDERS-AVOCA ISD,126,0,0,0,20,6,0,20,100,98
127906,STAMFORD ISD,655,3,1,0,303,60,22,56,263,448
128901,KARNES CITY ISD,1038,0,1,1,748,28,4,96,256,686
128902,KENEDY ISD,801,0,0,0,688,17,11,96,84,554
128903,RUNGE ISD,303,0,0,0,262,0,0,25,40,243
128904,FALLS CITY ISD,358,1,0,0,70,1,3,23,281,60
129901,CRANDALL ISD,3443,20,20,3,760,375,61,268,2203,1521
129902,FORNEY ISD,9364,159,56,18,2359,1095,243,739,5440,2200
129903,KAUFMAN ISD,3825,19,22,0,1656,206,72,348,1843,2493
129904,KEMP ISD,1496,1,7,1,315,23,52,158,1096,1032
129905,MABANK ISD,3386,33,20,0,487,71,108,355,2661,1950
129906,TERRELL ISD,4253,25,17,4,1969,995,119,361,1122,3168
129910,SCURRY-ROSSER ISD,1010,3,6,1,132,27,12,112,829,433
130801,MEADOWLAND CHARTER SCHOOL,101,0,0,0,55,7,1,36,36,87
130901,BOERNE ISD,7877,70,31,7,2307,55,149,543,5261,1425
130902,COMFORT ISD,1112,0,2,0,651,2,14,116,441,618
131001,KENEDY COUNTY WIDE CSD,76,0,0,0,63,2,0,6,7,50
132902,JAYTON-GIRARD ISD,127,0,0,0,30,0,0,14,96,38
133901,CENTER POINT ISD,569,2,0,1,308,9,5,43,242,403
133902,HUNT ISD,157,0,0,0,51,0,2,16,100,64
133903,KERRVILLE ISD,5023,55,10,10,2385,95,75,361,2385,2873
133904,INGRAM ISD,1078,5,2,2,491,6,22,89,546,738
133905,DIVIDE ISD,19,0,0,0,6,0,0,0,12,0
134901,JUNCTION ISD,649,5,0,0,251,1,7,68,382,417
135001,GUTHRIE CSD,115,0,0,0,12,0,1,4,100,0
136901,BRACKETT ISD,614,1,4,0,413,6,9,66,179,381
137901,KINGSVILLE ISD,3440,37,3,3,2996,123,6,388,271,2490
137902,RICARDO ISD,672,6,0,0,555,4,2,32,102,393
137903,RIVIERA ISD,420,2,0,0,309,0,2,21,105,268
137904,SANTA GERTRUDIS ISD,704,9,0,0,525,7,7,21,152,237
138902,KNOX CITY-O'BRIEN CISD,304,0,3,0,144,13,4,44,138,207
138903,MUNDAY CISD,381,1,0,0,195,24,19,60,140,246
138904,BENJAMIN ISD,86,0,0,0,36,0,3,6,47,60
139905,CHISUM ISD,950,0,15,0,72,40,29,100,793,469
139908,ROXTON ISD,155,0,0,0,22,19,4,17,106,121
139909,PARIS ISD,3697,29,33,3,831,1238,214,414,1349,2887
139911,NORTH LAMAR ISD,2715,29,57,8,225,114,73,371,2210,1276
139912,PRAIRILAND ISD,1119,0,7,0,87,10,32,117,981,593
140901,AMHERST ISD,154,0,0,0,131,8,0,20,12,129
140904,LITTLEFIELD ISD,1437,4,4,0,1017,100,14,166,296,1074
140905,OLTON ISD,624,0,0,0,474,6,3,56,141,433
140907,SPRINGLAKE-EARTH ISD,382,0,1,0,262,6,0,58,111,257
140908,SUDAN ISD,462,0,0,0,255,5,8,44,192,257
141901,LAMPASAS ISD,3316,33,23,16,862,89,119,331,2175,1727
141902,LOMETA ISD,309,3,0,0,157,0,4,32,143,236
142901,COTULLA ISD,1359,5,1,0,1274,1,2,142,73,1156
143901,HALLETTSVILLE ISD,1076,4,3,0,219,108,35,100,704,433
143902,MOULTON ISD,319,0,2,0,138,2,2,28,171,161
143903,SHINER ISD,602,4,1,0,98,39,10,63,447,181
143904,VYSEHRAD ISD,106,4,0,0,9,11,2,9,78,46
143905,SWEET HOME ISD,150,0,0,0,24,1,3,12,121,16
143906,EZZELL ISD,94,0,0,0,6,1,4,10,81,39
144901,GIDDINGS ISD,1895,11,3,0,1063,170,37,183,606,1311
144902,LEXINGTON ISD,962,1,3,0,133,69,36,84,714,399
144903,DIME BOX ISD,184,0,0,0,66,61,13,34,41,137
145901,BUFFALO ISD,926,9,2,0,385,26,22,62,479,590
145902,CENTERVILLE ISD,670,2,4,0,75,58,6,48,523,280
145906,NORMANGEE ISD,554,7,2,0,74,40,11,53,418,286
145907,OAKWOOD ISD,188,3,0,0,19,43,8,15,113,147
145911,LEON ISD,794,16,0,0,227,8,12,57,527,416
146901,CLEVELAND ISD,4127,37,24,4,2257,392,66,326,1345,3305
146902,DAYTON ISD,5308,21,53,5,2080,435,79,477,2632,2972
146903,DEVERS ISD,189,0,0,0,58,6,2,11,119,95
146904,HARDIN ISD,1398,0,4,1,187,50,29,83,1126,708
146905,HULL-DAISETTA ISD,459,0,0,0,40,45,12,33,358,319
146906,LIBERTY ISD,2163,21,4,0,798,374,41,186,923,1336
146907,TARKINGTON ISD,1881,3,7,1,163,15,20,188,1672,880
147901,COOLIDGE ISD,336,0,0,0,178,68,8,45,80,273
147902,GROESBECK ISD,1826,18,29,3,412,242,36,184,1084,1214
147903,MEXIA ISD,1927,25,5,0,855,549,69,188,420,1572
148901,BOOKER ISD,404,0,0,0,288,0,2,33,111,239
148902,FOLLETT ISD,174,1,1,0,50,1,4,10,115,87
148903,HIGGINS ISD,151,1,0,0,27,3,1,22,117,104
148905,DARROUZETT ISD,113,0,1,0,41,0,9,9,62,77
149901,GEORGE WEST ISD,1082,5,2,0,608,6,9,95,451,558
149902,THREE RIVERS ISD,699,2,0,0,390,2,2,57,299,438
150901,LLANO ISD,1816,10,10,0,448,14,43,203,1287,1115
152802,RISE ACADEMY,272,0,1,1,84,177,5,38,1,240
152803,SOUTH PLAINS ACADEMY CHARTER DISTR,200,0,0,0,155,26,0,21,19,176
152901,LUBBOCK ISD,28755,517,86,28,16879,3968,546,3048,6757,18546
152902,NEW DEAL ISD,716,0,0,0,337,9,24,50,345,373
152903,SLATON ISD,1254,2,1,0,846,62,17,145,324,975
152906,LUBBOCK-COOPER ISD,5811,75,23,5,1975,110,127,430,3492,1964
152907,FRENSHIP ISD,9150,256,27,9,3650,338,265,722,4593,3961
152908,ROOSEVELT ISD,1084,3,6,1,608,53,13,109,398,822
152909,SHALLOWATER ISD,1621,0,6,0,525,11,21,134,1055,677
152910,IDALOU ISD,1002,0,3,0,403,4,7,84,584,359
153903,O'DONNELL ISD,306,0,0,0,212,0,0,22,92,242
153904,TAHOKA ISD,585,1,1,1,366,16,7,43,188,398
153905,NEW HOME ISD,372,0,1,0,111,0,1,29,255,95
153907,WILSON ISD,113,0,0,0,91,2,0,10,18,92
154901,MADISONVILLE CISD,2336,14,2,0,775,481,56,165,1009,1646
154903,NORTH ZULCH ISD,349,5,0,0,42,3,1,27,295,243
155901,JEFFERSON ISD,1205,6,10,0,66,445,37,116,638,796
156902,STANTON ISD,996,0,0,0,649,7,18,75,319,515
156905,GRADY ISD,219,1,0,0,74,0,1,12,141,65
157901,MASON ISD,670,4,0,0,247,0,2,44,414,312
158901,BAY CITY ISD,3776,30,3,0,2382,573,64,298,721,2548
158902,TIDEHAVEN ISD,881,0,0,0,463,26,14,66,377,604
158904,MATAGORDA ISD,172,0,0,0,70,0,6,17,95,115
158905,PALACIOS ISD,1434,116,2,0,952,35,21,130,305,923
158906,VAN VLECK ISD,986,1,1,0,286,118,29,75,546,508
159901,EAGLE PASS ISD,15030,45,240,0,14594,15,15,1217,120,11753
160901,BRADY ISD,1277,6,2,0,604,30,20,157,611,823
160904,ROCHELLE ISD,190,0,0,0,38,0,0,26,149,110
160905,LOHN ISD,92,0,1,0,46,0,0,11,44,63
161801,WACO CHARTER SCHOOL,221,0,0,0,163,53,1,20,3,221
161802,RAPOPORT ACADEMY PUBLIC SCHOOL,805,8,0,0,284,292,17,52,202,537
161807,HARMONY SCIENCE ACAD (WACO),9478,1165,37,9,3781,2246,217,549,2018,5525
161901,CRAWFORD ISD,561,5,2,1,37,6,3,48,504,132
161903,MIDWAY ISD,7793,358,23,15,1800,942,179,568,4480,2563
161906,LA VEGA ISD,3025,3,6,0,1627,780,60,214,547,2613
161907,LORENA ISD,1701,6,8,0,239,18,37,139,1389,447
161908,MART ISD,507,0,0,0,89,148,31,54,237,387
161909,MCGREGOR ISD,1425,1,19,1,715,85,19,95,581,1021
161910,MOODY ISD,677,0,4,0,209,41,20,65,402,454
161912,RIESEL ISD,598,1,0,0,114,22,10,47,449,260
161914,WACO ISD,14929,44,14,0,8897,4359,253,1059,1358,13062
161916,WEST ISD,1311,1,0,0,242,28,31,90,1006,534
161918,AXTELL ISD,790,2,4,0,142,11,14,124,614,436
161919,BRUCEVILLE-EDDY ISD,770,2,6,0,224,9,10,73,516,448
161920,CHINA SPRING ISD,2598,28,2,2,400,119,64,259,1979,636
161921,CONNALLY ISD,2328,9,16,2,740,772,69,153,714,1792
161922,ROBINSON ISD,2289,9,11,0,585,66,66,224,1549,721
161923,BOSQUEVILLE ISD,660,1,1,3,145,36,11,64,458,232
161924,HALLSBURG ISD,176,0,1,0,22,5,2,7,143,98
161925,GHOLSON ISD,247,0,0,0,62,7,1,23,172,190
162904,MCMULLEN COUNTY ISD,264,2,1,0,97,1,2,12,157,68
163901,DEVINE ISD,1993,1,1,0,1243,7,17,197,721,1132
163902,D'HANIS ISD,364,1,0,0,199,0,5,44,157,191
163903,NATALIA ISD,1071,3,1,2,867,6,7,101,183,826
163904,HONDO ISD,2062,4,2,0,1480,16,12,179,544,1410
163908,MEDINA VALLEY ISD,4454,13,17,8,2561,164,89,436,1594,2267
164901,MENARD ISD,291,0,0,0,132,9,2,27,146,197
165802,MIDLAND ACADEMY CHARTER SCHOOL,427,2,5,0,277,35,3,12,101,187
165901,MIDLAND ISD,24518,588,49,24,15152,1863,343,1544,6472,11376
165902,GREENWOOD ISD,2324,2,4,0,1041,20,23,123,1234,725
166901,CAMERON ISD,1755,7,1,0,844,296,29,156,575,1307
166902,GAUSE ISD,174,0,0,0,52,17,4,10,100,104
166903,MILANO ISD,427,3,0,0,101,25,11,28,283,246
166904,ROCKDALE ISD,1548,9,7,0,712,168,27,131,622,1030
166905,THORNDALE ISD,572,0,0,0,159,6,13,38,391,273
166907,BUCKHOLTS ISD,159,0,2,0,92,0,2,13,62,135
167901,GOLDTHWAITE ISD,591,4,1,1,171,2,1,50,407,225
167902,MULLIN ISD,426,0,0,0,126,95,8,146,193,394
167904,PRIDDY ISD,111,0,0,0,31,0,0,14,77,83
168901,COLORADO ISD,996,7,1,0,516,86,11,94,369,600
168902,LORAINE ISD,170,0,2,0,90,11,0,13,65,100
168903,WESTBROOK ISD,283,0,1,0,88,0,3,28,189,101
169901,BOWIE ISD,1688,8,6,0,278,8,54,160,1333,869
169902,NOCONA ISD,791,2,7,0,242,7,19,72,510,476
169906,GOLD BURG ISD,143,0,1,0,10,2,6,12,123,70
169908,MONTAGUE ISD,142,0,0,0,8,0,2,15,128,58
169909,PRAIRIE VALLEY ISD,147,0,0,0,9,0,2,16,134,89
169910,FORESTBURG ISD,179,0,1,0,30,0,3,20,143,86
169911,SAINT JO ISD,252,1,3,0,33,0,6,32,208,128
170801,TEXAS SERENITY ACADEMY,387,0,0,0,244,138,1,22,1,363
170902,CONROE ISD,58014,2262,290,116,20827,3886,1682,4467,29007,20769
170903,MONTGOMERY ISD,8157,81,48,8,1133,244,163,513,6476,1916
170904,WILLIS ISD,7103,42,28,7,2436,568,205,518,3807,4084
170906,MAGNOLIA ISD,12831,115,89,12,4067,282,256,1077,7993,4798
170907,SPLENDORA ISD,3780,3,11,0,1311,22,49,302,2385,2313
170908,NEW CANEY ISD,13773,234,55,13,7561,454,220,1239,5247,8250
171901,DUMAS ISD,4527,316,18,0,3232,54,54,430,855,3091
171902,SUNRAY ISD,550,1,2,0,312,2,8,47,222,315
172902,DAINGERFIELD-LONE STAR ISD,1030,7,2,0,191,423,53,132,352,841
172905,PEWITT CISD,975,1,3,0,117,138,50,98,662,633
173901,MOTLEY COUNTY ISD,158,0,0,0,39,0,0,9,115,112
174801,STEPHEN F AUSTIN STATE UNIVERSITY,242,14,0,0,30,14,10,7,172,14
174901,CHIRENO ISD,384,0,0,0,64,26,13,34,279,253
174902,CUSHING ISD,536,2,3,2,67,25,23,55,413,338
174903,GARRISON ISD,699,4,2,0,76,125,25,58,464,309
174904,NACOGDOCHES ISD,6448,154,12,0,2959,1902,103,509,1315,5235
174906,WODEN ISD,768,3,0,0,166,6,13,42,576,450
174908,CENTRAL HEIGHTS ISD,1144,10,3,0,178,43,24,69,885,429
174909,MARTINSVILLE ISD,363,0,0,0,46,17,11,42,287,172
174910,ETOILE ISD,132,0,1,0,8,0,1,15,119,104
174911,DOUGLASS ISD,462,0,6,0,65,36,12,42,341,171
175902,BLOOMING GROVE ISD,868,5,0,0,236,31,51,59,543,517
175903,CORSICANA ISD,5943,41,17,154,2882,1045,148,493,1652,4314
175904,DAWSON ISD,488,0,3,0,70,37,13,42,363,325
175905,FROST ISD,429,0,0,0,135,9,15,33,268,253
175907,KERENS ISD,597,1,1,0,152,149,13,48,279,466
175910,MILDRED ISD,714,2,4,4,89,17,17,49,576,287
175911,RICE ISD,864,0,0,0,501,19,12,51,328,605
176901,BURKEVILLE ISD,292,0,0,0,2,80,2,25,205,207
176902,NEWTON ISD,1020,4,4,0,56,380,45,135,530,641
176903,DEWEYVILLE ISD,636,1,6,0,12,5,5,66,604,354
177901,ROSCOE COLLEGIATE ISD,622,1,1,0,309,14,4,26,289,283
177902,SWEETWATER ISD,2183,8,4,0,1159,135,43,270,831,1490
177903,BLACKWELL CISD,136,0,0,0,25,0,0,19,108,53
177905,HIGHLAND ISD,230,0,0,0,40,2,0,17,184,82
178801,DR M L GARZA-GONZALEZ CHARTER SCHO,169,1,0,0,161,3,1,0,3,158
178807,CORPUS CHRISTI MONTESSORI SCHOOL,168,6,1,0,106,6,4,15,45,32
178808,SEASHORE CHARTER SCHOOLS,476,11,3,0,91,1,12,33,353,3
178901,AGUA DULCE ISD,380,1,1,0,302,1,0,28,72,258
178902,BISHOP CISD,1375,5,2,1,1123,16,6,137,217,889
178903,CALALLEN ISD,4030,36,4,8,2297,68,44,386,1567,1692
178904,CORPUS CHRISTI ISD,38521,731,77,38,30585,1540,231,3351,5354,22881
178905,DRISCOLL ISD,282,0,0,0,250,0,1,29,29,205
178906,LONDON ISD,827,23,1,0,390,13,8,53,390,77
178908,PORT ARANSAS ISD,544,7,3,0,93,3,25,47,411,167
178909,ROBSTOWN ISD,2836,0,0,2,2753,28,2,297,45,2447
178912,TULOSO-MIDWAY ISD,3841,15,7,3,2992,38,30,357,756,2077
178913,BANQUETE ISD,939,0,0,0,756,10,0,85,171,687
178914,FLOUR BLUFF ISD,5755,86,5,5,2376,184,368,581,2733,2543
178915,WEST OSO ISD,2008,0,0,0,1732,208,12,198,52,1847
179901,PERRYTON ISD,2365,9,11,2,1714,4,18,172,603,1329
180901,BOYS RANCH ISD,281,0,1,0,48,26,12,39,193,214
180902,VEGA ISD,364,1,1,0,61,1,2,25,294,101
180903,ADRIAN ISD,129,0,0,0,79,0,2,15,46,89
180904,WILDORADO ISD,103,1,0,0,25,0,1,8,76,36
181901,BRIDGE CITY ISD,2877,66,8,0,445,31,51,207,2269,1006
181905,ORANGEFIELD ISD,1759,33,5,0,160,5,45,138,1509,645
181906,WEST ORANGE-COVE CISD,2429,12,4,4,308,1459,111,267,524,2030
181907,VIDOR ISD,4862,43,19,4,335,9,82,588,4366,2503
181908,LITTLE CYPRESS-MAURICEVILLE CISD,3369,50,16,3,343,222,97,407,2634,1185
182901,GORDON ISD,191,0,0,0,37,0,5,15,148,76
182902,GRAFORD ISD,349,2,2,0,47,0,4,21,293,183
182903,MINERAL WELLS ISD,3230,12,12,0,1243,109,100,281,1750,2280
182904,SANTO ISD,485,0,0,0,83,0,10,45,388,220
182905,STRAWN ISD,165,0,0,0,58,3,4,12,98,97
182906,PALO PINTO ISD,108,0,0,0,23,0,3,7,80,66
183801,PANOLA CHARTER SCHOOL,147,1,1,0,12,8,3,9,119,56
183901,BECKVILLE ISD,716,2,2,0,77,43,17,47,572,249
183902,CARTHAGE ISD,2709,18,2,2,501,609,40,276,1530,1443
183904,GARY ISD,478,0,0,0,33,1,6,45,434,236
184801,CROSSTIMBERS ACADEMY,98,0,0,0,16,4,4,9,72,47
184901,POOLVILLE ISD,506,0,5,0,92,1,2,47,405,284
184902,SPRINGTOWN ISD,3402,6,20,3,632,34,81,265,2629,1871
184903,WEATHERFORD ISD,7840,47,39,0,1920,188,227,713,5417,3269
184904,MILLSAP ISD,943,1,5,0,128,3,16,73,786,393
184907,ALEDO ISD,5229,36,26,0,632,88,125,350,4324,674
184908,PEASTER ISD,1057,1,5,0,135,9,19,107,886,377
184909,BROCK ISD,1295,2,3,1,111,11,31,85,1133,157
184911,GARNER ISD,178,1,0,0,35,1,3,14,137,82
185901,BOVINA ISD,485,0,0,0,453,0,2,23,27,398
185902,FARWELL ISD,551,0,0,0,293,1,2,45,254,330
185903,FRIONA ISD,1155,1,0,0,1017,10,4,108,121,935
185904,LAZBUDDIE ISD,211,0,0,0,68,0,2,20,139,140
186901,BUENA VISTA ISD,209,0,0,0,160,1,0,6,48,98
186902,FORT STOCKTON ISD,2451,17,4,0,2129,9,12,134,279,1615
186903,IRAAN-SHEFFIELD ISD,518,1,7,3,325,19,3,49,159,263
187901,BIG SANDY ISD,494,2,104,0,37,2,9,46,336,273
187903,GOODRICH ISD,233,0,0,0,110,41,6,13,74,202
187904,CORRIGAN-CAMDEN ISD,966,1,0,0,351,248,15,102,347,730
187906,LEGGETT ISD,159,0,2,0,38,38,6,13,73,120
187907,LIVINGSTON ISD,4166,24,20,0,912,399,116,420,2691,2682
187910,ONALASKA ISD,984,6,7,0,80,11,21,116,854,670
188901,AMARILLO ISD,33189,1825,165,33,15233,3285,929,3252,11715,22468
188902,RIVER ROAD ISD,1303,3,13,1,303,19,33,118,927,789
188903,HIGHLAND PARK ISD,855,77,9,0,294,37,25,87,407,499
188904,BUSHLAND ISD,1541,7,7,0,194,15,41,154,1274,314
189901,MARFA ISD,360,1,0,0,308,2,2,33,46,254
189902,PRESIDIO ISD,1366,21,1,0,1322,0,4,94,16,1292
190903,RAINS ISD,1659,4,18,3,260,36,56,180,1279,958
191901,CANYON ISD,9586,115,57,9,2233,220,134,949,6815,2645
192901,REAGAN COUNTY ISD,903,1,1,0,750,7,7,52,135,468
193801,BIG SPRINGS CHARTER SCHOOL,205,0,0,1,92,7,3,99,101,186
193902,LEAKEY ISD,269,0,0,0,98,0,5,20,164,167
194902,AVERY ISD,361,0,7,0,32,2,15,58,302,214
194903,RIVERCREST ISD,656,1,5,0,95,24,36,64,492,366
194904,CLARKSVILLE ISD,528,2,1,0,132,296,22,51,74,462
194905,DETROIT ISD,532,1,1,0,26,55,20,67,427,327
195901,PECOS-BARSTOW-TOYAH ISD,2472,22,4,2,2247,17,4,205,173,1787
195902,BALMORHEA ISD,165,0,0,0,151,0,0,17,13,145
196901,AUSTWELL-TIVOLI ISD,148,0,0,0,108,1,0,11,38,84
196902,WOODSBORO ISD,523,3,0,0,279,16,10,71,212,282
196903,REFUGIO ISD,743,0,0,0,482,86,6,60,165,399
197902,MIAMI ISD,213,0,1,0,18,1,0,8,191,56
198901,BREMOND ISD,470,5,2,0,70,52,14,46,326,227
198902,CALVERT ISD,156,0,0,0,17,124,2,21,12,116
198903,FRANKLIN ISD,1188,19,0,0,186,79,22,117,879,463
198905,HEARNE ISD,897,0,1,0,377,416,9,120,90,856
198906,MUMFORD ISD,612,6,0,0,358,34,9,45,201,457
199901,ROCKWALL ISD,15344,475,138,30,3191,1058,552,1365,9896,3774
199902,ROYSE CITY ISD,5209,46,26,5,1609,322,145,416,3047,1896
200901,BALLINGER ISD,955,9,1,0,417,18,15,80,492,530
200902,MILES ISD,409,2,0,0,150,0,0,24,254,125
200904,WINTERS ISD,567,2,0,0,345,7,9,51,201,421
200906,OLFEN ISD,72,0,0,0,43,3,0,9,24,42
201902,HENDERSON ISD,3431,27,24,3,953,638,82,284,1705,2062
201903,LANEVILLE ISD,182,0,0,0,46,90,8,16,38,169
201904,LEVERETTS CHAPEL ISD,259,0,1,0,97,15,8,17,138,186
201907,MOUNT ENTERPRISE ISD,406,2,4,0,34,51,10,45,302,218
201908,OVERTON ISD,502,1,0,0,42,67,26,46,364,271
201910,TATUM ISD,1685,3,3,0,439,402,35,131,800,916
201913,CARLISLE ISD,639,1,7,0,343,17,12,47,256,483
201914,WEST RUSK COUNTY CONSOLIDATED ISD,1112,0,15,1,261,159,31,87,643,812
202903,HEMPHILL ISD,922,6,2,0,69,95,60,96,686,554
202905,WEST SABINE ISD,696,0,2,0,29,75,25,73,560,522
203901,SAN AUGUSTINE ISD,741,3,0,0,168,386,28,89,152,575
203902,BROADDUS ISD,408,0,0,0,28,6,11,48,359,312
204901,COLDSPRING-OAKHURST CISD,1492,7,4,1,131,305,53,141,987,935
204904,SHEPHERD ISD,1917,7,3,0,561,126,46,116,1173,1362
205901,ARANSAS PASS ISD,1806,5,7,1,1128,43,28,164,588,1237
205902,GREGORY-PORTLAND ISD,4587,41,22,9,2614,68,68,435,1761,1862
205903,INGLESIDE ISD,2274,31,13,0,1275,34,61,193,857,1214
205904,MATHIS ISD,1684,5,1,0,1505,13,8,158,151,1431
205905,ODEM-EDROY ISD,1014,0,2,0,887,3,5,57,116,773
205906,SINTON ISD,2164,8,4,0,1789,28,15,220,318,1521
205907,TAFT ISD,1119,0,2,0,980,11,6,105,118,962
206901,SAN SABA ISD,732,5,2,0,390,3,5,76,322,453
206902,RICHLAND SPRINGS ISD,120,0,2,0,30,0,0,18,87,77
206903,CHEROKEE ISD,110,1,0,0,28,6,3,15,68,57
207901,SCHLEICHER ISD,577,2,0,0,406,2,8,40,155,358
208901,HERMLEIGH ISD,241,0,0,0,81,1,5,14,151,96
208902,SNYDER ISD,2901,26,20,0,1798,60,49,243,945,1430
208903,IRA ISD,276,0,0,0,62,0,1,16,211,77
209901,ALBANY ISD,522,1,3,1,85,12,10,48,409,207
209902,MORAN ISD,128,0,0,0,9,1,0,18,116,114
210901,CENTER ISD,2803,95,0,8,1177,574,47,291,899,2149
210902,JOAQUIN ISD,699,2,4,0,97,51,18,74,527,422
210903,SHELBYVILLE ISD,818,3,0,0,99,169,23,88,521,545
210904,TENAHA ISD,575,0,0,0,223,151,17,79,184,519
210905,TIMPSON ISD,628,0,0,0,82,155,15,87,373,432
210906,EXCELSIOR ISD,99,0,0,0,6,0,2,16,89,66
211901,TEXHOMA ISD,141,0,1,0,83,0,0,8,55,101
211902,STRATFORD ISD,580,1,0,0,372,5,12,48,187,349
212801,CUMBERLAND ACADEMY,1161,42,0,1,293,150,26,67,645,470
212804,UT TYLER INNOVATION ACADEMY,548,10,2,0,78,19,25,31,412,116
212901,ARP ISD,839,6,3,0,113,109,35,73,571,478
212902,BULLARD ISD,2483,12,9,0,178,104,59,265,2115,841
212903,LINDALE ISD,3980,47,15,3,608,282,175,382,2845,1739
212904,TROUP ISD,1098,7,5,2,138,126,28,72,790,542
212905,TYLER ISD,18139,235,54,0,8289,5314,326,1215,3936,12860
212906,WHITEHOUSE ISD,4708,160,23,9,569,569,150,395,3224,1850
212909,CHAPEL HILL ISD,3606,28,3,0,1590,638,108,295,1233,2585
212910,WINONA ISD,1054,8,4,0,293,187,20,116,540,720
213801,BRAZOS RIVER CHARTER SCHOOL,246,0,0,0,49,22,6,32,164,123
213901,GLEN ROSE ISD,1726,13,20,1,495,13,39,105,1142,693
214901,RIO GRANDE CITY CISD,10898,10,0,0,10701,0,0,1035,174,9688
214902,SAN ISIDRO ISD,249,0,0,0,247,0,0,32,1,215
214903,ROMA ISD,6486,0,0,0,6473,0,0,337,6,5727
215901,BRECKENRIDGE ISD,1483,4,20,1,476,20,22,146,935,959
216901,STERLING CITY ISD,329,0,0,0,148,0,7,32,173,129
217901,ASPERMONT ISD,242,4,0,0,75,7,5,12,149,130
218901,SONORA ISD,909,3,0,0,641,2,9,80,250,491
219901,HAPPY ISD,259,0,0,0,48,3,4,13,200,112
219903,TULIA ISD,1110,1,3,0,682,108,6,119,307,894
219905,KRESS ISD,241,0,0,1,142,13,0,21,81,185
220801,TREETOPS SCHOOL INTERNATIONAL,392,14,1,3,74,50,32,21,214,50
220802,ARLINGTON CLASSICS ACADEMY,1442,160,4,1,243,343,57,53,631,288
220809,FORT WORTH ACADEMY OF FINE ARTS,516,12,1,0,105,52,23,11,320,72
220810,WESTLAKE ACADEMY CHARTER SCHOOL,831,93,4,0,106,37,50,32,540,0
220811,EAST FORT WORTH MONTESSORI ACADEMY,497,21,1,0,152,235,5,17,80,379
220814,TEXAS SCHOOL OF THE ARTS,327,11,0,0,85,66,13,9,151,32
220815,CHAPEL HILL ACADEMY,506,8,2,1,116,287,21,29,67,321
220817,NEWMAN INTERNATIONAL ACADEMY OF AR,1280,55,6,0,304,428,51,80,433,517
220819,HIGH POINT ACADEMY,457,0,0,0,36,12,14,40,393,116
220901,ARLINGTON ISD,63167,3916,252,126,28488,15665,1452,5179,13265,43837
220902,BIRDVILLE ISD,24245,1260,145,72,9698,2060,703,2157,10328,13698
220904,EVERMAN ISD,5609,28,11,5,3135,2103,89,437,235,5008
220905,FORT WORTH ISD,86869,1650,86,86,54293,19893,1216,6688,9729,65759
220906,GRAPEVINE-COLLEYVILLE ISD,13768,1239,55,13,3207,743,729,1005,7792,3139
220907,KELLER ISD,34099,2727,170,68,7569,2898,1295,3034,19402,8115
220908,MANSFIELD ISD,33738,2294,134,33,8367,9412,1619,2766,11875,12786
220910,LAKE WORTH ISD,3296,36,16,6,1928,408,98,309,797,2620
220912,CROWLEY ISD,15050,632,90,30,4560,6351,451,1369,2919,9180
220914,KENNEDALE ISD,3134,125,15,12,689,648,119,247,1526,1250
220915,AZLE ISD,6229,31,37,6,1227,62,174,566,4690,3114
220916,HURST-EULESS-BEDFORD ISD,22780,1571,113,523,6674,4168,774,1981,8929,12027
220917,CASTLEBERRY ISD,4044,8,12,0,3101,44,44,315,824,3396
220918,EAGLE MT-SAGINAW ISD,19158,766,114,57,6992,1954,670,1590,8621,8122
220919,CARROLL ISD,8056,1055,16,8,716,153,354,539,5743,112
220920,WHITE SETTLEMENT ISD,6697,100,33,20,2491,475,261,616,3315,3602
221801,TEXAS COLLEGE PREPARATORY ACADEMIE,12778,613,51,25,4012,1980,523,881,5583,5290
221901,ABILENE ISD,16875,303,67,16,7391,2075,708,1805,6328,11205
221904,MERKEL ISD,1098,0,8,1,278,9,26,135,772,650
221905,TRENT ISD,224,0,0,0,21,2,4,12,196,94
221911,JIM NED CISD,1156,3,1,0,137,6,25,79,981,300
221912,WYLIE ISD,4071,77,12,4,708,130,122,264,3020,610
222901,TERRELL COUNTY ISD,157,0,0,0,100,0,3,11,53,75
223901,BROWNFIELD ISD,1868,7,1,1,1399,63,20,147,373,1408
223902,MEADOW ISD,329,0,1,0,227,2,4,23,91,247
223904,WELLMAN-UNION CISD,245,0,0,0,115,0,0,22,127,163
224901,THROCKMORTON ISD,162,0,0,0,32,3,1,11,125,82
224902,WOODSON ISD,141,0,0,0,29,0,2,15,108,83
225902,MOUNT PLEASANT ISD,5343,37,10,0,3659,657,64,507,908,4466
225905,WINFIELD ISD,152,0,0,0,136,1,1,12,13,145
225906,CHAPEL HILL ISD,985,7,3,0,343,31,16,105,580,487
225907,HARTS BLUFF ISD,569,2,1,0,264,7,7,36,285,344
226801,TEXAS LEADERSHIP,2332,13,2,0,1145,270,88,149,813,1126
226901,CHRISTOVAL ISD,487,1,1,0,97,0,16,35,369,128
226903,SAN ANGELO ISD,14629,146,43,0,8616,599,234,1477,4988,8792
226905,WATER VALLEY ISD,321,1,1,0,69,2,7,40,236,164
226906,WALL ISD,1102,4,1,2,214,1,15,65,863,152
226907,GRAPE CREEK ISD,1126,5,1,0,461,7,24,130,623,818
226908,VERIBEST ISD,261,1,1,0,99,1,3,32,153,117
227803,WAYSIDE SCHOOLS,1863,39,7,1,1320,63,70,111,359,1099
227804,NYOS CHARTER SCHOOL,926,72,0,0,329,124,33,65,366,346
227805,TEXAS EMPOWERMENT ACADEMY,287,0,0,0,24,255,4,16,2,204
227806,UNIVERSITY OF TEXAS UNIVERSITY CHA,567,2,13,0,196,103,27,192,226,353
227814,CHAPARRAL STAR ACADEMY,357,51,2,1,77,13,11,16,199,0
227816,HARMONY SCIENCE ACADEMY (AUSTIN),3841,626,11,0,2035,426,103,234,629,2097
227817,CEDARS INTERNATIONAL ACADEMY,390,8,1,0,290,69,8,21,12,352
227819,UNIVERSITY OF TEXAS ELEMENTARY CHA,303,6,0,0,189,26,15,15,66,160
227820,KIPP AUSTIN PUBLIC SCHOOLS INC,4490,8,0,0,4157,184,26,368,116,4009
227821,AUSTIN DISCOVERY SCHOOL,543,5,0,0,129,15,43,41,348,100
227824,EAST AUSTIN COLLEGE PREP,793,0,0,0,681,88,2,80,19,751
227825,AUSTIN ACHIEVE PUBLIC SCHOOLS,548,0,2,0,483,42,3,59,14,511
227826,MONTESSORI FOR ALL,332,6,0,0,136,33,13,20,141,152
227827,THE EXCEL CENTER (FOR ADULTS),147,2,0,0,79,52,1,0,12,72
227828,THE EXCEL CENTER,279,1,1,0,179,70,1,11,23,203
227901,AUSTIN ISD,83270,3164,166,83,48962,6495,2248,8327,22149,47796
227904,PFLUGERVILLE ISD,24070,1853,48,48,11505,4067,914,2407,5608,11962
227907,MANOR ISD,8856,265,17,17,5676,1904,203,690,761,6482
227909,EANES ISD,8058,926,16,0,1047,64,354,652,5648,177
227910,DEL VALLE ISD,11508,69,34,0,9563,1035,126,1139,678,10092
227912,LAGO VISTA ISD,1435,5,5,2,317,8,50,147,1044,427
227913,LAKE TRAVIS ISD,9203,469,27,9,1849,101,377,671,6368,1085
228901,GROVETON ISD,744,5,0,0,93,43,29,72,570,438
228903,TRINITY ISD,1289,2,2,0,293,229,37,100,724,953
228904,CENTERVILLE ISD,124,0,0,0,6,0,0,10,117,71
228905,APPLE SPRINGS ISD,205,0,1,1,12,12,2,22,176,118
229901,COLMESNEIL ISD,424,2,0,0,11,11,8,42,392,239
229903,WOODVILLE ISD,1368,8,27,1,120,317,53,206,838,923
229904,WARREN ISD,1264,7,7,0,68,16,22,82,1142,566
229905,SPURGER ISD,380,1,6,0,17,0,3,39,351,243
229906,CHESTER ISD,177,0,0,0,7,13,1,20,152,95
230901,BIG SANDY ISD,704,0,4,0,66,73,44,78,515,444
230902,GILMER ISD,2421,9,19,0,411,317,123,171,1539,1651
230903,ORE CITY ISD,879,2,5,0,137,68,33,87,631,585
230904,UNION HILL ISD,305,2,3,0,50,22,14,20,211,190
230905,HARMONY ISD,1103,2,4,0,176,4,23,71,894,557
230906,NEW DIANA ISD,1039,2,5,1,117,74,39,55,798,413
230908,UNION GROVE ISD,726,2,7,0,48,0,15,34,649,294
231901,MCCAMEY ISD,579,0,2,0,431,9,1,38,132,346
231902,RANKIN ISD,280,0,3,0,138,1,1,15,136,136
232901,KNIPPA ISD,421,5,0,0,224,0,0,13,189,119
232902,SABINAL ISD,509,1,2,0,371,2,6,57,127,391
232903,UVALDE CISD,4750,23,4,4,4284,14,14,517,413,3695
232904,UTOPIA ISD,196,0,0,0,31,2,2,15,157,88
233901,SAN FELIPE-DEL RIO CISD,10509,21,10,0,9773,84,21,819,588,8007
233903,COMSTOCK ISD,190,2,0,0,87,0,2,16,97,52
234801,RANCH ACADEMY,117,0,1,1,10,10,3,32,87,73
234902,CANTON ISD,2118,12,23,0,245,40,55,163,1738,815
234903,EDGEWOOD ISD,931,5,1,0,91,30,36,103,765,471
234904,GRAND SALINE ISD,1102,5,5,0,296,8,16,95,768,654
234905,MARTINS MILL ISD,512,1,2,1,97,10,4,49,394,219
234906,VAN ISD,2401,9,19,0,460,62,67,249,1779,1246
234907,WILLS POINT ISD,2411,7,19,2,544,130,84,243,1622,1538
234909,FRUITVALE ISD,373,4,1,0,39,4,17,35,305,246
235901,BLOOMINGTON ISD,919,0,1,0,787,37,13,109,77,780
235902,VICTORIA ISD,14428,129,14,0,9363,1024,201,1341,3679,9277
235904,NURSERY ISD,107,0,0,0,49,2,6,8,46,61
236801,RAVEN SCHOOL,95,0,0,0,43,24,1,28,26,95
236901,NEW WAVERLY ISD,988,0,5,0,133,189,43,94,614,500
236902,HUNTSVILLE ISD,6937,97,20,6,2233,1692,173,548,2719,4044
237902,HEMPSTEAD ISD,1666,6,1,0,946,448,23,116,238,1357
237904,WALLER ISD,6542,26,32,6,3382,699,137,353,2250,4095
237905,ROYAL ISD,2267,0,2,0,1614,383,34,201,231,1731
238902,MONAHANS-WICKETT-PYOTE ISD,2272,13,13,0,1370,102,15,179,756,1158
238904,GRANDFALLS-ROYALTY ISD,153,0,0,0,110,3,1,13,37,119
239901,BRENHAM ISD,4952,79,4,0,1683,1069,94,564,2020,2604
239903,BURTON ISD,401,2,0,0,81,66,6,50,241,224
240801,GATEWAY ACADEMY CHARTER DISTRICT,373,0,0,0,371,0,0,42,1,346
240901,LAREDO ISD,24166,24,0,0,23827,0,24,1884,241,22788
240903,UNITED ISD,43597,174,0,0,43030,43,0,3269,305,33438
240904,WEBB CISD,328,0,0,0,303,0,0,35,24,240
241901,BOLING ISD,1104,5,1,0,589,96,14,66,398,569
241902,EAST BERNARD ISD,995,0,0,0,279,58,6,63,646,344
241903,EL CAMPO ISD,3580,3,3,3,2226,408,39,343,891,2559
241904,WHARTON ISD,2214,13,0,0,1253,611,24,177,312,1819
241906,LOUISE ISD,512,1,2,0,270,23,6,13,208,315
242902,SHAMROCK ISD,426,5,11,0,126,32,14,29,233,267
242903,WHEELER ISD,486,0,0,0,294,0,7,49,183,238
242905,KELTON ISD,111,0,0,0,36,0,4,9,69,69
242906,FORT ELLIOTT CISD,169,0,3,0,16,0,9,18,139,30
243901,BURKBURNETT ISD,3323,43,23,16,528,225,176,342,2309,1714
243902,ELECTRA ISD,424,2,0,0,55,38,19,47,306,262
243903,IOWA PARK CISD,1780,8,19,1,188,10,55,181,1493,733
243905,WICHITA FALLS ISD,14132,353,127,28,4847,1992,664,1738,6119,8620
243906,CITY VIEW ISD,1025,14,8,0,274,86,58,133,584,676
244901,HARROLD ISD,101,2,1,0,38,1,2,11,55,59
244903,VERNON ISD,2075,89,14,6,859,174,68,228,861,1251
244905,NORTHSIDE ISD,205,3,0,0,60,7,2,14,132,80
245901,LASARA ISD,459,1,3,0,448,0,0,27,5,369
245902,LYFORD CISD,1542,3,1,0,1500,3,1,123,33,1213
245903,RAYMONDVILLE ISD,2146,2,2,0,2111,2,2,150,23,1901
245904,SAN PERLITA ISD,281,0,1,0,252,1,0,35,26,200
246801,MERIDIAN WORLD SCHOOL LLC,1249,257,12,6,232,77,43,62,620,94
246902,FLORENCE ISD,1025,5,4,3,480,17,22,93,492,685
246904,GEORGETOWN ISD,10967,131,32,10,4660,427,296,965,5406,4836
246905,GRANGER ISD,405,0,0,0,181,8,6,40,208,232
246906,HUTTO ISD,6521,71,19,19,2732,795,306,645,2582,2810
246907,JARRELL ISD,1424,5,1,1,659,52,58,142,645,831
246908,LIBERTY HILL ISD,3476,13,10,6,691,27,72,295,2655,928
246909,ROUND ROCK ISD,47653,6909,190,95,14486,4098,2049,4193,19775,13104
246911,TAYLOR ISD,3164,18,3,0,1964,294,50,348,828,1939
246912,THRALL ISD,648,1,3,0,189,12,18,53,423,213
246913,LEANDER ISD,37068,2409,111,74,9007,1408,1556,3780,22500,6894
246914,COUPLAND ISD,150,1,1,0,43,1,7,7,93,28
247901,FLORESVILLE ISD,3971,15,11,3,2545,55,47,416,1290,1961
247903,LA VERNIA ISD,3220,3,16,0,901,32,61,280,2202,776
247904,POTH ISD,823,1,0,0,398,5,4,65,412,328
247906,STOCKDALE ISD,803,0,0,0,379,4,8,115,408,416
248901,KERMIT ISD,1458,11,2,0,1129,23,8,128,281,997
248902,WINK-LOVING ISD,439,0,2,0,165,9,6,32,255,158
249901,ALVORD ISD,713,0,2,0,89,9,7,57,601,216
249902,BOYD ISD,1174,3,16,1,171,8,30,72,941,587
249903,BRIDGEPORT ISD,2090,4,12,0,1042,20,35,190,973,1293
249904,CHICO ISD,616,0,6,1,158,3,14,51,431,338
249905,DECATUR ISD,2992,26,14,2,1038,35,41,287,1834,1427
249906,PARADISE ISD,1135,3,4,0,141,6,20,123,957,342
249908,SLIDELL ISD,269,0,1,0,72,1,1,20,189,136
250902,HAWKINS ISD,733,0,0,3,43,84,33,74,568,408
250903,MINEOLA ISD,1604,22,8,1,479,117,46,120,930,996
250904,QUITMAN ISD,1146,2,8,3,183,22,35,122,890,671
250905,YANTIS ISD,364,0,1,0,92,1,10,21,256,219
250906,ALBA-GOLDEN ISD,880,4,2,0,89,5,9,86,768,453
250907,WINNSBORO ISD,1485,14,7,1,215,22,44,108,1180,794
251901,DENVER CITY ISD,1781,10,5,0,1414,12,12,90,324,956
251902,PLAINS ISD,464,1,0,0,294,0,2,31,163,297
252901,GRAHAM ISD,2440,12,17,2,749,26,34,239,1600,1337
252902,NEWCASTLE ISD,229,0,0,0,24,0,11,24,193,120
252903,OLNEY ISD,687,4,4,0,258,15,21,103,382,408
253901,ZAPATA COUNTY ISD,3674,3,0,0,3640,0,0,308,29,3060
254901,CRYSTAL CITY ISD,1969,1,1,0,1935,9,3,194,19,1392
254902,LA PRYOR ISD,496,0,0,0,462,0,0,40,31,437
